Date,Quadrat,CONCAT,Healthy_Coral,Bleached_Coral,Dead_Coral,Active_WMS,Recessive_WMS,RCKilled_WMS,G_Elegans,Deg_G_Elegans,C_Sinuosa,E_Eisenia,P_Arborescens,U_Pinnatifida,Red_Alg,Sargassum_spp,Branched_Cor_Alg,Crust_Cor_Alg,Non_Crust_Alg,Alg_Other,Bare_Sub,Off,Urchin,Anemone,Crustacean,SA_WMS,SA_PH,WMS_Prevalence
2013-09-13,1,41530_1,22,0,0,0,0,0,0,0,0,4,0,0,0,2,7,13,0,12,4,0,0,0,0,0,0,0
2013-09-13,2,41530_2,15,0,1,0,0,0,0,3,0,0,0,0,0,8,7,8,2,13,7,0,0,0,0,21.936,603.388,0.036354717
2013-09-13,3,41530_3,50,0,0,0,0,0,0,0,0,0,0,0,0,2,6,3,1,1,1,0,0,0,0,0,0,0
2013-09-13,4,41530_4,39,0,0,0,0,0,0,0,0,0,0,0,0,4,2,6,0,8,5,0,0,0,0,0,0,0
2013-09-13,5,41530_5,21,0,0,0,0,0,0,7,0,0,0,0,0,4,9,5,2,5,11,0,0,0,0,0,0,0
2013-09-13,6,41530_6,22,0,0,0,0,0,0,0,0,0,0,0,3,3,5,3,2,22,4,0,0,0,0,0,0,0
2013-09-13,7,41530_7,14,0,0,0,0,0,0,2,0,1,0,0,0,7,10,7,2,2,19,0,0,0,0,0,0,0
2013-09-13,8,41530_8,21,0,0,0,0,0,0,0,0,0,0,0,2,0,18,4,1,7,10,1,0,0,0,0,0,0
2013-09-13,9,41530_9,12,0,0,3,5,0,0,0,0,0,0,0,2,0,14,2,6,13,7,0,0,0,0,259.629,453.18,0.572904806
2013-09-13,10,41530_10,16,0,0,0,0,0,0,0,0,0,0,0,0,3,7,6,0,17,15,0,0,0,0,0,0,0
2013-10-28,1,41575_1,29,0,0,0,0,0,0,1,0,0,0,0,0,2,8,18,2,1,3,0,0,0,0,0,0,0
2013-10-28,3,41575_3,48,0,0,0,0,0,0,0,0,0,0,0,0,1,5,5,0,1,3,1,0,0,0,0,0,0
2013-10-28,5,41575_5,24,0,0,0,0,0,2,1,0,0,0,0,0,1,12,17,1,1,5,0,0,0,0,0,0,0
2013-10-28,6,41575_6,25,0,0,0,0,0,2,4,0,0,0,0,4,1,7,7,3,7,4,0,0,0,0,0,0,0
2013-10-28,7,41575_7,14,0,0,0,0,0,1,0,0,0,0,0,0,0,13,11,3,4,17,1,0,0,0,0,0,0
2013-10-28,9,41575_9,9,0,0,0,0,10,1,0,0,0,0,0,4,0,24,7,4,2,3,0,0,0,0,0,0,0
2013-10-28,10,41575_10,20,0,0,0,0,0,1,0,0,0,0,0,0,0,9,19,1,4,10,0,0,0,0,0,0,0
2013-11-27,1,41605_1,25,0,0,0,0,0,0,0,0,0,0,0,0,2,9,9,1,9,6,3,0,0,0,0,0,0
2013-11-27,2,41605_2,14,0,0,0,0,0,1,0,0,0,0,0,0,1,8,18,3,10,8,1,0,0,0,0,0,0
2013-11-27,3,41605_3,45,0,0,0,0,0,0,0,0,1,0,0,0,0,6,5,2,5,0,0,0,0,0,0,0,0
2013-11-27,4,41605_4,44,0,0,0,0,0,3,1,0,0,0,0,0,1,4,6,1,2,2,0,0,0,0,0,0,0
2013-11-27,5,41605_5,26,0,0,0,0,0,7,0,0,0,0,0,0,1,5,9,5,6,5,0,0,0,0,0,0,0
2013-11-27,6,41605_6,30,0,1,0,0,0,1,1,0,0,0,0,1,2,3,7,7,10,1,0,0,0,0,0,0,0
2013-11-27,7,41605_7,19,0,1,0,0,0,2,0,0,0,0,0,0,0,10,4,1,10,16,1,0,0,0,0,0,0
2013-11-27,9,41605_9,14,0,9,0,0,0,4,1,0,0,0,0,2,0,19,8,4,0,3,0,0,0,0,0,0,0
2013-11-27,10,41605_10,18,0,0,0,0,0,1,0,0,0,0,0,0,0,10,9,2,17,7,0,0,0,0,0,0,0
2013-11-27,11,41605_11,35,0,1,0,0,0,4,3,0,0,0,0,2,0,3,4,1,4,5,2,0,0,0,0,0,0
2013-12-24,1,41632_1,20,4,1,0,0,0,1,0,2,2,0,0,0,7,5,15,3,4,0,0,0,0,0,0,0,0
2013-12-24,2,41632_2,13,0,0,0,0,0,1,1,1,0,0,0,0,2,7,20,4,9,5,1,0,0,0,0,0,0
2013-12-24,3,41632_3,40,0,1,0,0,0,1,0,0,1,0,0,0,1,2,5,2,9,1,1,0,0,0,0,0,0
2013-12-24,4,41632_4,39,0,0,0,0,0,5,0,0,0,0,0,0,2,2,4,1,5,5,1,0,0,0,0,0,0
2013-12-24,5,41632_5,28,0,0,0,0,0,4,2,0,0,0,0,0,2,3,9,5,7,4,0,0,0,0,0,0,0
2013-12-24,6,41632_6,22,0,2,0,0,0,0,1,1,0,2,0,0,3,9,4,10,5,5,0,0,0,0,0,0,0
2013-12-24,7,41632_7,17,0,1,0,0,0,0,1,0,0,0,0,0,0,7,8,8,4,18,0,0,0,0,0,0,0
2013-12-24,9,41632_9,11,0,0,0,0,0,1,0,5,0,0,0,3,3,14,6,4,7,9,1,0,0,0,0,0,0
2013-12-24,10,41632_10,20,0,0,0,0,0,1,0,2,0,0,0,0,2,5,14,2,9,9,0,0,0,0,0,0,0
2013-12-24,11,41632_11,34,0,3,0,0,0,2,3,1,0,0,0,0,7,4,3,0,6,1,0,0,0,0,0,0,0
2014-02-07,1,41677_1,8,10,1,0,0,0,1,0,6,3,0,0,0,9,5,16,2,2,1,0,0,0,0,0,0,0
2014-02-07,2,41677_2,10,1,0,0,0,0,0,1,33,0,0,0,0,4,5,7,2,1,0,0,0,0,0,0,0,0
2014-02-07,3,41677_3,41,0,1,0,0,0,0,0,8,0,0,5,0,1,1,5,1,0,1,0,0,0,0,0,0,0
2014-02-07,4,41677_4,39,0,0,0,0,0,4,0,9,0,0,0,0,3,4,3,0,0,2,0,0,0,0,0,0,0
2014-02-07,5,41677_5,18,0,0,0,0,0,5,1,9,0,0,2,0,2,7,13,5,1,1,0,0,0,0,0,0,0
2014-02-07,6,41677_6,15,2,2,0,0,0,1,0,2,3,5,8,1,6,3,8,6,0,2,0,0,0,0,0,0,0
2014-02-07,7,41677_7,17,0,0,0,0,0,0,0,0,0,0,0,1,1,10,14,9,2,10,0,0,0,0,0,0,0
2014-02-07,8,41677_8,33,1,1,0,0,0,6,1,1,3,0,0,0,6,2,4,1,2,3,0,0,0,0,0,0,0
2014-02-07,9,41677_9,5,0,0,0,0,0,3,0,15,6,0,9,3,2,8,8,2,3,0,0,0,0,0,0,0,0
2014-02-07,10,41677_10,13,1,0,0,0,0,2,0,12,0,0,0,0,7,10,11,5,1,2,0,0,0,0,0,0,0
2014-02-07,11,41677_11,28,0,1,0,0,0,5,8,0,0,0,6,0,4,2,5,3,2,0,0,0,0,0,0,0,0
2014-03-04,1,41702_1,16,4,0,0,0,0,1,0,1,4,0,0,0,11,2,15,4,2,4,0,0,0,0,0,0,0
2014-03-04,2,41702_2,11,3,1,0,0,0,1,0,6,2,1,0,0,4,2,23,6,3,1,0,0,0,0,0,0,0
2014-03-04,3,41702_3,41,0,1,0,0,0,0,0,4,0,0,3,0,4,4,3,3,0,1,0,0,0,0,0,0,0
2014-03-04,4,41702_4,34,0,0,0,0,0,2,0,9,0,0,0,0,3,8,3,2,2,1,0,0,0,0,0,0,0
2014-03-04,5,41702_5,22,0,0,0,0,0,4,0,10,0,0,2,1,5,6,6,4,3,1,0,0,0,0,0,0,0
2014-03-04,6,41702_6,21,0,0,0,0,0,2,0,2,1,6,13,0,1,2,6,9,0,1,0,0,0,0,0,0,0
2014-03-04,7,41702_7,17,0,0,0,0,0,0,0,0,2,0,0,0,3,12,12,3,0,15,0,0,0,0,0,0,0
2014-03-04,9,41702_9,8,0,0,0,0,0,3,0,1,1,0,0,3,5,15,6,9,4,9,0,0,0,0,0,0,0
2014-03-04,10,41702_10,12,0,0,0,0,0,4,0,1,0,0,1,0,5,15,9,5,5,7,0,0,0,0,0,0,0
2014-03-04,11,41702_11,35,0,0,0,0,0,5,5,0,0,0,3,0,1,2,5,4,4,0,0,0,0,0,0,0,0
2014-04-22,1,41751_1,14,4,1,0,0,0,1,0,0,0,2,12,0,8,0,12,3,2,5,0,0,0,0,0,0,0
2014-04-22,2,41751_2,14,1,1,0,0,0,2,0,0,3,1,5,0,0,10,15,8,3,1,0,0,0,0,0,0,0
2014-04-22,3,41751_3,19,8,1,0,0,0,1,0,15,0,0,1,0,1,6,2,1,7,0,2,0,0,0,0,0,0
2014-04-22,4,41751_4,29,10,4,0,0,0,0,0,2,0,0,0,0,0,3,8,4,2,2,0,0,0,0,0,0,0
2014-04-22,5,41751_5,15,5,0,1,0,0,7,0,0,0,0,3,0,1,11,15,4,1,1,0,0,0,0,0,0,0
2014-04-22,6,41751_6,23,1,0,0,0,0,0,0,0,0,8,7,0,0,5,8,7,2,1,2,0,0,0,0,0,0
2014-04-22,7,41751_7,13,0,0,0,0,0,0,0,0,0,0,0,0,8,12,13,5,3,10,0,0,0,0,0,0,0
2014-04-22,9,41751_9,11,1,0,0,0,0,2,0,0,1,0,0,3,5,14,3,6,2,16,0,0,0,0,0,0,0
2014-04-22,10,41751_10,13,0,0,0,0,0,3,0,1,0,0,0,0,4,8,16,10,2,7,0,0,0,0,0,0,0
2014-04-22,11,41751_11,27,0,2,0,0,0,0,11,1,1,1,3,0,2,0,9,1,4,1,1,0,0,0,0,1110.46,0
2014-05-19,1,41778_1,12,5,1,0,0,0,0,1,7,0,0,2,0,4,5,13,3,7,4,0,0,0,0,0,0,0
2014-05-19,2,41778_2,11,2,1,0,0,0,1,0,7,1,2,2,0,3,10,15,3,2,4,0,0,0,0,0,0,0
2014-05-19,3,41778_3,22,8,0,0,0,0,0,0,11,1,0,0,0,4,4,5,1,5,3,0,0,0,0,0,0,0
2014-05-19,4,41778_4,8,2,0,0,0,0,1,3,42,0,0,0,0,0,3,1,0,3,1,0,0,0,0,0,0,0
2014-05-19,5,41778_5,5,2,0,0,0,0,16,2,11,0,2,5,0,0,13,6,2,0,0,0,0,0,0,0,0,0
2014-05-19,6,41778_6,13,1,0,0,0,0,5,0,5,0,9,7,0,1,8,4,6,4,1,0,0,0,0,0,0,0
2014-05-19,7,41778_7,16,0,0,0,0,0,1,0,2,0,0,0,0,2,16,8,4,1,14,0,0,0,0,0,0,0
2014-05-19,9,41778_9,12,0,0,0,0,0,2,0,4,2,0,0,3,13,14,7,3,2,2,0,0,0,0,0,0,0
2014-05-19,10,41778_10,7,0,0,0,0,0,7,1,4,0,1,0,1,2,18,11,3,5,4,0,0,0,0,0,0,0
2014-05-19,11,41778_11,25,0,1,0,0,0,7,4,5,1,1,3,1,0,5,3,3,3,2,0,0,0,0,0,1110.46,0
2014-06-16,1,41806_1,18,5,0,0,0,0,4,0,4,0,2,1,0,2,9,11,4,2,2,0,0,0,0,0,0,0
2014-06-16,2,41806_2,15,1,0,0,0,0,1,0,6,2,0,3,0,5,6,18,6,0,1,0,0,0,0,0,0,0
2014-06-16,3,41806_3,18,3,1,0,0,0,0,0,32,0,0,0,0,2,2,4,0,2,0,0,0,0,0,0,0,0
2014-06-16,4,41806_4,30,5,0,0,0,0,3,0,10,0,0,0,0,0,4,6,1,4,0,1,0,0,0,0,0,0
2014-06-16,5,41806_5,9,3,0,0,0,0,18,0,8,0,0,0,0,0,11,10,1,3,1,0,0,0,0,0,0,0
2014-06-16,6,41806_6,9,0,0,0,0,0,7,0,24,0,9,0,0,1,4,0,7,2,1,0,0,0,0,0,0,0
2014-06-16,7,41806_7,20,1,0,0,0,0,0,0,0,0,0,0,0,3,15,11,1,2,11,0,0,0,0,0,0,0
2014-06-16,9,41806_9,8,0,0,0,0,0,1,0,18,0,0,0,2,10,13,4,2,2,4,0,0,0,0,0,0,0
2014-06-16,10,41806_10,13,0,0,0,0,0,7,1,4,1,1,0,1,6,14,9,2,2,3,0,0,0,0,0,0,0
2014-06-16,11,41806_11,33,1,0,0,0,0,7,2,0,1,2,0,1,5,3,6,1,2,0,0,0,0,0,18.573,1110.46,0.016725501
2014-07-17,1,41837_1,18,3,2,0,0,0,5,1,1,0,0,0,0,0,5,14,4,8,3,0,0,0,0,0,0,0
2014-07-17,2,41837_2,18,0,0,0,0,0,2,0,1,0,0,1,0,1,7,22,7,2,3,0,0,0,0,0,0,0
2014-07-17,3,41837_3,40,2,4,0,0,0,0,0,0,0,0,0,0,3,4,6,4,0,1,0,0,0,0,0,0,0
2014-07-17,4,41837_4,42,2,2,0,0,0,4,0,0,0,0,0,0,1,5,4,2,2,0,0,0,0,0,0,0,0
2014-07-17,5,41837_5,14,0,0,0,0,0,18,0,0,0,0,0,0,0,13,10,5,2,2,0,0,0,0,0,0,0
2014-07-17,6,41837_6,20,2,0,0,0,0,6,0,0,0,0,0,0,2,6,5,7,15,0,1,0,0,0,0,0,0
2014-07-17,7,41837_7,18,1,1,0,0,0,1,0,0,0,0,0,0,0,11,15,5,4,8,0,0,0,0,0,0,0
2014-07-17,9,41837_9,13,0,0,0,0,0,5,0,0,0,0,0,2,8,14,7,7,2,6,0,0,0,0,0,0,0
2014-07-17,10,41837_10,15,0,0,0,0,0,8,0,0,0,1,0,0,2,8,20,4,4,2,0,0,0,0,0,0,0
2014-07-17,11,41837_11,36,0,0,0,0,0,9,1,0,1,0,0,0,1,1,8,1,3,3,0,0,0,0,0,0,0
2014-08-04,1,41855_1,29,3,0,0,0,0,3,0,0,0,0,0,0,1,5,9,6,0,8,0,0,0,0,0,0,0
2014-08-04,2,41855_2,12,0,0,0,0,0,4,0,1,3,0,0,0,0,7,19,6,4,8,0,0,0,0,0,555.307,0
2014-08-04,3,41855_3,45,1,7,0,0,0,0,0,0,0,0,0,0,0,1,3,5,1,1,0,0,0,0,0,0,0
2014-08-04,4,41855_4,40,0,1,0,0,0,4,0,0,0,0,0,0,0,5,8,0,5,1,0,0,0,0,0,1405.251,0
2014-08-04,5,41855_5,26,0,0,0,0,0,9,0,0,0,0,0,0,1,11,9,6,1,1,0,0,0,0,0,700.006,0
2014-08-04,6,41855_6,21,0,1,0,0,0,9,0,0,0,0,0,1,4,4,6,4,9,4,1,0,0,0,0,749.208,0
2014-08-04,7,41855_7,18,0,1,0,0,0,0,0,0,0,0,0,0,1,15,4,6,1,18,0,0,0,0,0,0,0
2014-08-04,9,41855_9,14,0,0,0,0,0,7,0,0,0,0,0,5,8,14,7,3,2,4,0,0,0,0,0,444.033,0
2014-08-04,10,41855_10,17,0,0,0,0,0,2,0,0,0,0,0,0,3,18,8,3,2,11,0,0,0,0,0,700.12,0
2014-08-04,11,41855_11,39,0,0,1,0,0,4,1,0,0,0,0,1,2,2,10,1,0,3,0,0,0,0,0,0,0
2014-10-03,1,41915_1,29,0,0,0,0,0,0,2,0,0,0,0,0,0,3,14,2,3,10,1,0,0,0,0,0,0
2014-10-03,2,41915_2,18,0,1,0,0,0,1,0,0,0,0,0,0,3,13,17,4,1,5,1,0,0,0,0,474.446,0
2014-10-03,3,41915_3,41,0,4,0,0,0,0,7,0,0,0,0,0,0,5,4,0,1,1,1,0,0,0,0,0,0
2014-10-03,4,41915_4,45,0,0,0,0,0,0,3,0,0,0,0,0,0,9,5,0,2,0,0,0,0,0,5.908,1398.046,0.004225898
2014-10-03,5,41915_5,28,0,0,0,0,0,0,7,0,0,0,0,0,0,8,19,1,1,0,0,0,0,0,10.377,700.006,0.014824159
2014-10-03,6,41915_6,20,0,0,2,0,0,2,1,0,0,2,0,0,4,10,7,7,6,3,0,0,0,0,110.291,590.746,0.186697836
2014-10-03,7,41915_7,21,0,0,0,0,0,1,0,0,0,0,0,0,1,11,10,3,3,14,0,0,0,0,0,0,0
2014-10-03,9,41915_9,9,0,0,1,0,0,2,2,0,0,0,0,3,8,21,7,5,1,5,0,0,0,0,10.916,269.383,0.04052223
2014-10-03,10,41915_10,22,0,0,0,0,0,0,1,0,0,0,0,0,0,15,14,7,4,1,0,0,0,0,2.96,700.12,0.004227847
2014-10-03,11,41915_11,38,0,0,0,0,0,0,4,0,0,1,0,0,1,5,7,0,0,5,3,0,0,0,0,0,0
2014-11-10,1,41953_1,29,0,0,0,0,0,2,0,1,0,0,0,0,0,8,16,4,2,2,0,0,0,0,0,0,0
2014-11-10,2,41953_2,15,0,1,0,0,0,0,1,0,0,0,0,0,2,14,28,3,0,0,0,0,0,0,7.517,599.69,0.01253481
2014-11-10,3,41953_3,35,0,2,0,0,0,0,0,0,0,1,0,0,3,5,5,0,10,3,0,0,0,0,0,0,0
2014-11-10,4,41953_4,45,0,0,0,0,0,1,0,0,0,0,0,0,1,8,7,0,1,0,1,0,0,0,0,0,0
2014-11-10,5,41953_5,30,0,0,0,0,0,2,3,0,0,1,0,0,1,12,12,1,1,1,0,0,0,0,0,0,0
2014-11-10,6,41953_6,22,0,0,0,0,0,2,1,0,0,1,0,0,7,11,4,7,6,3,0,0,0,0,0,0,0
2014-11-10,7,41953_7,19,0,0,0,0,0,1,0,0,0,0,0,0,0,7,16,5,5,10,1,0,0,0,0,0,0
2014-11-10,9,41953_9,14,0,0,0,0,0,3,3,0,0,0,0,0,1,20,12,7,4,0,0,0,0,0,0,0,0
2014-11-10,10,41953_10,18,0,0,0,0,0,1,5,0,0,0,0,0,2,17,11,5,5,0,0,0,0,0,0,0,0
2014-11-10,11,41953_11,36,0,0,0,0,0,0,4,0,0,3,0,0,3,7,9,0,2,0,0,0,0,0,0,0,0
2014-12-08,1,41981_1,27,0,0,0,0,0,2,0,1,0,1,0,0,1,6,12,4,8,1,1,0,0,0,0,0,0
2014-12-08,2,41981_2,15,0,0,0,0,0,2,0,2,0,2,0,0,1,5,22,6,7,2,0,0,0,0,0,0,0
2014-12-08,3,41981_3,33,1,1,0,0,0,1,0,2,0,2,0,0,1,5,11,1,6,0,0,0,0,0,0,0,0
2014-12-08,4,41981_4,43,0,1,0,0,0,2,0,0,0,1,0,0,2,4,7,0,4,0,0,0,0,0,0,0,0
2014-12-08,5,41981_5,29,0,0,0,0,0,2,0,1,0,1,0,0,0,9,15,2,5,0,0,0,0,0,0,0,0
2014-12-08,6,41981_6,18,0,0,0,0,0,2,0,2,0,2,0,2,11,7,7,3,7,3,0,0,0,0,0,0,0
2014-12-08,7,41981_7,20,0,0,0,0,0,1,0,0,0,0,0,0,0,5,19,3,6,10,0,0,0,0,0,0,0
2014-12-08,9,41981_9,9,0,0,0,0,0,2,0,5,0,1,0,4,7,17,11,7,0,1,0,0,0,0,0,0,0
2014-12-08,10,41981_10,17,0,0,0,0,0,4,0,3,0,1,0,0,0,17,15,4,3,0,0,0,0,0,0,0,0
2014-12-08,11,41981_11,46,0,0,0,0,0,3,0,0,0,1,0,0,1,3,7,0,1,2,0,0,0,0,0,0,0
2015-01-08,1,42012_1,27,0,1,0,0,0,2,0,3,0,0,0,0,6,5,8,5,4,3,0,0,0,0,0,0,0
2015-01-08,2,42012_2,8,0,0,0,0,0,1,0,8,0,1,0,0,6,5,23,8,3,1,0,0,0,0,0,0,0
2015-01-08,3,42012_3,39,0,1,0,0,0,0,0,6,0,1,0,0,3,2,7,1,2,2,0,0,0,0,0,0,0
2015-01-08,4,42012_4,43,0,1,0,0,0,3,0,0,0,0,0,0,2,4,6,1,4,0,0,0,0,0,0,0,0
2015-01-08,5,42012_5,20,0,0,0,0,0,2,2,4,2,2,0,0,0,8,16,3,3,2,0,0,0,0,0,0,0
2015-01-08,6,42012_6,16,0,0,0,0,0,2,0,3,0,2,0,2,14,8,7,3,3,3,1,0,0,0,0,0,0
2015-01-08,7,42012_7,21,0,0,0,0,0,0,0,3,0,0,0,1,1,11,18,4,3,2,0,0,0,0,0,0,0
2015-01-08,9,42012_9,12,0,0,0,0,0,2,0,9,0,2,0,1,5,12,9,8,4,0,0,0,0,0,0,0,0
2015-01-08,10,42012_10,12,0,0,0,0,0,11,0,3,0,1,0,0,2,13,7,6,7,2,0,0,0,0,0,0,0
2015-01-08,11,42012_11,42,0,0,0,0,0,3,0,2,2,1,0,0,2,2,4,1,4,1,0,0,0,0,0,0,0
2015-02-16,1,42051_1,20,1,0,0,0,0,3,0,5,6,1,0,0,15,1,9,1,2,0,0,0,0,0,0,0,0
2015-02-16,2,42051_2,20,0,0,0,0,0,1,0,10,0,0,0,0,4,6,14,8,0,0,0,1,0,0,0,0,0
2015-02-16,3,42051_3,34,0,0,0,0,0,2,0,8,0,2,2,0,8,2,4,0,1,1,0,0,0,0,0,0,0
2015-02-16,4,42051_4,38,0,0,0,0,0,7,0,3,0,2,0,0,5,2,1,0,3,2,1,0,0,0,0,0,0
2015-02-16,5,42051_5,21,0,0,0,0,0,4,2,2,0,1,11,0,2,6,11,0,3,0,1,0,0,0,0,0,0
2015-02-16,6,42051_6,12,0,0,0,0,0,2,0,12,0,7,5,1,14,5,4,1,0,1,0,0,0,0,0,0,0
2015-02-16,7,42051_7,22,0,0,0,0,0,0,0,7,0,1,0,1,3,12,10,1,3,4,0,0,0,0,0,0,0
2015-02-16,9,42051_9,7,0,0,0,0,0,3,0,21,2,2,3,2,10,7,1,3,3,0,0,0,0,0,0,0,0
2015-02-16,10,42051_10,12,0,0,0,0,0,5,0,11,0,2,0,0,4,14,10,2,1,2,1,0,0,0,0,0,0
2015-02-16,11,42051_11,25,0,0,0,0,0,6,1,3,3,7,1,0,3,1,10,0,4,0,0,0,0,0,0,0,0
2015-03-06,1,42069_1,25,0,1,0,0,0,1,0,0,7,2,0,0,11,3,13,1,0,0,0,0,0,0,0,0,0
2015-03-06,2,42069_2,13,0,0,0,0,0,0,0,4,0,2,0,0,7,7,17,7,6,1,0,0,0,0,0,0,0
2015-03-06,3,42069_3,39,0,0,0,0,0,1,0,2,0,1,3,0,4,3,4,0,5,0,2,0,0,0,0,0,0
2015-03-06,4,42069_4,38,0,1,0,0,0,4,0,1,0,2,0,0,3,4,10,1,0,0,0,0,0,0,0,0,0
2015-03-06,5,42069_5,15,0,0,0,0,0,4,0,0,0,0,16,0,1,2,21,1,2,2,0,0,0,0,0,0,0
2015-03-06,6,42069_6,12,0,0,0,0,0,2,0,1,2,4,0,2,5,14,4,9,7,2,0,0,0,0,0,0,0
2015-03-06,7,42069_7,18,0,0,0,0,0,0,0,1,0,0,0,0,4,8,12,5,0,14,2,0,0,0,0,0,0
2015-03-06,9,42069_9,11,0,0,0,0,0,3,0,1,0,4,0,1,9,11,6,10,1,5,2,0,0,0,0,0,0
2015-03-06,10,42069_10,10,0,0,0,0,0,7,0,3,0,2,0,0,3,14,10,8,4,3,0,0,0,0,0,0,0
2015-03-06,11,42069_11,31,0,0,0,0,0,5,0,0,3,5,0,0,3,2,10,4,1,0,0,0,0,0,0,0,0
2015-04-15,1,42109_1,21,0,0,0,0,0,2,0,0,5,1,2,0,3,5,15,4,4,1,1,0,0,0,0,0,0
2015-04-15,2,42109_2,14,0,0,0,0,0,0,0,0,0,4,0,0,3,7,22,4,6,4,0,0,0,0,0,0,0
2015-04-15,3,42109_3,31,0,0,0,0,0,1,0,0,2,4,6,0,7,2,7,0,4,0,0,0,0,0,0,0,0
2015-04-15,4,42109_4,35,0,0,0,0,0,3,0,0,0,5,0,0,3,2,10,1,1,1,3,0,0,0,0,0,0
2015-04-15,5,42109_5,21,0,0,0,0,0,5,0,0,5,0,11,0,0,5,13,1,1,2,0,0,0,0,0,0,0
2015-04-15,6,42109_6,10,0,0,0,0,0,3,0,0,6,2,1,3,10,10,2,8,3,6,0,0,0,0,0,0,0
2015-04-15,7,42109_7,18,0,0,0,0,0,1,0,0,1,0,0,2,9,10,7,5,2,9,0,0,0,0,0,0,0
2015-04-15,9,42109_9,7,1,0,0,0,0,2,0,0,2,11,1,3,16,7,3,3,0,8,0,0,0,0,0,0,0
2015-04-15,10,42109_10,12,0,0,0,0,0,3,0,0,0,9,0,0,11,16,8,4,1,0,0,0,0,0,0,0,0
2015-04-15,11,42109_11,27,0,0,0,0,0,5,0,0,0,6,0,0,6,7,4,6,2,1,0,0,0,0,0,0,0
2015-05-11,1,42135_1,16,1,1,0,0,0,4,1,0,4,3,0,0,5,7,5,1,15,1,0,0,0,0,0,0,0
2015-05-11,2,42135_2,20,0,0,0,0,0,0,0,0,1,4,0,0,4,12,10,3,10,0,0,0,0,0,0,0,0
2015-05-11,3,42135_3,26,0,1,0,0,0,2,0,1,4,4,0,0,12,5,1,0,8,0,0,0,0,0,0,0,0
2015-05-11,4,42135_4,40,0,2,0,0,0,3,2,0,0,4,0,0,1,3,4,1,4,0,0,0,0,0,0,0,0
2015-05-11,5,42135_5,23,0,0,0,0,0,4,0,0,0,0,16,0,1,4,9,2,4,1,0,0,0,0,0,0,0
2015-05-11,6,42135_6,13,0,1,0,0,0,6,0,0,1,9,7,3,4,4,2,4,9,0,1,0,0,0,0,0,0
2015-05-11,7,42135_7,19,0,0,0,0,0,3,0,0,3,0,0,1,6,12,4,7,4,5,0,0,0,0,0,0,0
2015-05-11,9,42135_9,8,0,0,0,0,0,4,0,1,2,8,2,0,1,11,10,12,2,3,0,0,0,0,0,0,0
2015-05-11,10,42135_10,14,0,0,0,0,0,7,0,0,0,9,0,0,2,7,12,5,5,3,0,0,0,0,0,0,0
2015-05-11,11,42135_11,31,0,0,0,0,0,6,0,0,1,5,0,0,10,2,7,1,0,1,0,0,0,0,0,0,0
2015-07-06,1,42191_1,18,0,0,0,0,0,11,0,0,7,0,0,0,7,2,16,1,1,1,0,0,0,0,0,0,0
2015-07-06,3,42191_3,22,0,0,0,0,0,4,0,0,0,1,0,0,10,7,6,4,9,1,0,0,0,0,0,0,0
2015-07-06,4,42191_4,43,0,0,0,0,0,9,0,1,4,0,0,0,0,2,4,1,0,0,0,0,0,0,0,0,0
2015-07-06,5,42191_5,9,1,0,0,0,0,22,0,0,1,0,0,0,3,8,15,2,2,1,0,0,0,0,0,0,0
2015-07-06,6,42191_6,12,0,0,0,0,0,14,0,0,6,5,0,0,4,5,6,6,6,0,0,0,0,0,0,0,0
2015-07-06,7,42191_7,20,0,0,0,0,0,0,0,0,6,0,0,0,5,8,12,7,0,6,0,0,0,0,0,0,0
2015-07-06,9,42191_9,10,0,0,0,0,0,11,0,1,7,0,0,0,9,7,8,7,0,4,0,0,0,0,0,0,0
2015-07-06,10,42191_10,18,0,1,0,0,0,7,0,0,0,0,0,0,10,13,9,3,0,3,0,0,0,0,0,0,0
2015-07-06,11,42191_11,29,1,2,0,0,0,4,2,0,1,3,0,0,3,3,9,2,5,0,0,0,0,0,0,1152.282,0
2015-08-05,1,42221_1,26,0,1,0,0,0,3,0,0,13,0,0,0,9,1,8,0,1,1,1,0,0,0,0,0,0
2015-08-05,2,42221_2,13,0,0,0,0,0,4,1,0,0,0,0,0,7,15,13,3,3,5,0,0,0,0,0,574.59,0
2015-08-05,3,42221_3,34,1,0,0,0,0,0,0,0,0,0,0,0,15,3,3,0,7,1,0,0,0,0,0,0,0
2015-08-05,4,42221_4,43,0,0,0,0,0,13,0,0,1,0,0,0,1,0,5,0,1,0,0,0,0,0,0,0,0
2015-08-05,5,42221_5,22,0,1,0,0,0,12,0,0,2,0,0,0,5,14,7,0,1,0,0,0,0,0,0,0,0
2015-08-05,6,42221_6,13,0,0,0,0,0,19,1,0,5,0,0,3,5,2,2,6,6,2,0,0,0,0,0,0,0
2015-08-05,7,42221_7,20,0,1,0,0,0,0,0,0,9,0,0,0,4,9,14,3,0,4,0,0,0,0,0,0,0
2015-08-05,9,42221_9,10,0,0,0,0,0,6,0,0,7,0,0,2,6,15,5,8,2,2,1,0,0,0,0,0,0
2015-08-05,10,42221_10,11,0,0,0,0,0,8,1,0,0,0,0,0,3,23,7,6,4,1,0,0,0,0,0,423.542,0
2015-08-05,11,42221_11,36,0,0,0,0,0,9,4,0,1,0,0,1,1,5,3,1,2,1,0,0,0,0,0,1152.282,0
2015-09-23,1,42270_1,24,0,2,0,0,0,3,0,1,2,0,0,0,3,8,17,3,0,0,1,0,0,0,0,0,0
2015-09-23,2,42270_2,13,0,0,0,0,0,7,3,0,0,0,0,0,6,10,17,6,2,0,0,0,0,0,0,574.59,0
2015-09-23,3,42270_3,28,0,0,0,0,0,0,2,0,0,0,0,0,12,5,7,1,5,4,0,0,0,0,0,0,0
2015-09-23,4,42270_4,40,0,0,0,0,0,1,10,0,0,0,0,0,4,2,4,1,1,1,0,0,0,0,29.037,1200.278,0.024191896
2015-09-23,5,42270_5,24,0,3,0,0,0,1,8,0,0,0,0,0,3,14,7,2,1,1,0,0,0,0,0,700.006,0
2015-09-23,6,42270_6,11,0,1,0,0,0,13,11,0,0,0,0,2,7,5,8,3,1,2,0,0,0,0,0,0,0
2015-09-23,7,42270_7,18,0,0,0,1,0,3,0,0,6,0,0,0,1,6,14,4,1,10,0,0,0,0,0,879.631,0
2015-09-23,10,42270_10,14,0,1,0,0,0,3,8,0,0,0,0,0,2,11,12,6,4,2,1,0,0,0,0,423.542,0
2015-09-23,11,42270_11,33,0,2,0,0,0,7,10,0,0,0,0,0,3,1,7,0,1,0,0,0,0,0,9.272,917.727,0.010103222
2015-10-19,1,42296_1,25,0,0,0,0,0,4,0,0,2,0,0,0,5,12,14,1,0,1,0,0,0,0,0,0,0
2015-10-19,2,42296_2,19,0,0,0,1,0,4,0,0,0,0,0,0,4,7,17,6,3,3,0,0,0,0,58.99,574.59,0.102664509
2015-10-19,3,42296_3,35,0,1,0,0,1,1,0,0,0,0,0,0,7,5,5,3,5,1,0,0,0,0,0,0,0
2015-10-19,4,42296_4,41,0,0,0,0,0,5,4,0,0,0,0,0,1,3,3,0,5,2,0,0,0,0,0,1200.278,0
2015-10-19,5,42296_5,27,0,0,0,0,0,0,3,0,0,0,0,0,4,10,8,3,4,1,4,0,0,0,0,700.006,0
2015-10-19,6,42296_6,14,0,0,0,0,0,9,1,0,13,0,0,2,1,11,5,2,3,2,1,0,0,0,0,0,0
2015-10-19,7,42296_7,20,0,5,0,0,0,5,0,0,3,0,0,0,1,8,9,3,2,8,0,0,0,0,0,879.631,0
2015-10-19,10,42296_10,16,0,1,0,0,0,4,4,0,0,0,0,0,2,15,11,4,1,6,0,0,0,0,6.489,394.461,0.016450295
2015-10-19,11,42296_11,37,0,0,0,5,0,7,4,0,2,0,0,0,2,2,4,1,0,0,0,0,0,0,121.156,917.727,0.132017474
2015-11-24,1,42332_1,25,0,0,0,0,0,2,0,0,0,0,0,0,13,7,13,2,0,2,0,0,0,0,0,0,0
2015-11-24,2,42332_2,16,0,0,0,0,2,5,0,0,0,0,0,0,7,6,24,1,2,1,0,0,0,0,0,0,0
2015-11-24,3,42332_3,29,0,0,0,0,0,2,2,0,0,0,0,0,19,5,6,0,1,0,0,0,0,0,0,0,0
2015-11-24,4,42332_4,38,0,0,0,0,0,6,3,1,0,1,0,0,2,3,7,0,2,1,0,0,0,0,37.389,1200.278,0.031150284
2015-11-24,5,42332_5,20,0,0,0,0,1,1,7,1,2,3,0,0,2,10,12,3,1,1,0,0,0,0,25.154,700.006,0.035933978
2015-11-24,6,42332_6,12,0,0,0,0,0,30,1,0,2,1,0,4,4,1,2,3,1,2,1,0,0,0,0,0,0
2015-11-24,7,42332_7,22,0,0,0,0,0,6,0,0,1,0,0,1,3,4,14,5,3,5,0,0,0,0,9.475,879.631,0.010771562
2015-11-24,9,42332_9,6,0,0,0,0,0,12,1,0,10,0,0,1,7,13,5,6,2,1,0,0,0,0,8.92,194.237,0.045923279
2015-11-24,10,42332_10,9,0,0,0,0,0,7,3,0,0,0,0,0,10,18,7,2,4,3,1,0,0,0,0,0,0
2015-11-24,11,42332_11,16,0,0,0,0,19,11,3,0,0,0,0,0,3,3,4,2,1,2,0,0,0,0,673.017,917.727,0.733352075
2015-12-22,1,42360_1,30,0,0,0,0,0,1,0,0,0,0,0,0,16,3,10,3,0,1,0,0,0,0,0,0,0
2015-12-22,2,42360_2,15,0,0,0,0,0,4,0,1,0,0,0,0,13,8,15,5,1,1,0,0,0,1,0,0,0
2015-12-22,3,42360_3,36,0,0,0,0,0,2,0,0,0,2,0,0,7,6,4,5,0,1,1,0,0,0,0,0,0
2015-12-22,4,42360_4,38,0,1,0,0,0,10,2,0,0,4,0,0,0,1,4,0,4,0,0,0,0,0,0,0,0
2015-12-22,5,42360_5,21,0,0,0,0,0,8,4,0,1,3,0,0,1,11,12,2,0,1,0,0,0,0,0,0,0
2015-12-22,6,42360_6,10,0,0,0,0,0,8,0,0,15,1,0,1,1,8,6,5,4,5,0,0,0,0,0,0,0
2015-12-22,7,42360_7,20,0,0,0,0,0,5,0,1,0,0,0,1,7,9,9,2,2,8,0,0,0,0,0,0,0
2015-12-22,9,42360_9,12,0,0,0,0,0,30,0,0,1,2,0,3,4,2,7,1,0,2,0,0,0,0,0,0,0
2015-12-22,10,42360_10,11,0,0,0,0,0,7,2,0,0,1,0,0,10,12,7,2,10,0,0,0,2,0,0,0,0
2015-12-22,11,42360_11,14,0,7,0,0,0,11,2,4,0,0,0,0,4,2,7,0,6,6,1,0,0,0,0,0,0
2016-01-21,1,42390_1,19,1,0,0,0,0,4,0,0,0,0,0,0,17,3,17,2,0,1,0,0,0,0,0,0,0
2016-01-21,2,42390_2,18,0,0,0,0,0,4,0,2,0,0,0,0,5,6,20,6,1,2,0,0,0,0,0,0,0
2016-01-21,3,42390_3,33,0,0,0,0,0,3,0,0,0,0,0,0,9,10,4,4,1,0,0,0,0,0,0,0,0
2016-01-21,4,42390_4,38,0,0,0,0,0,9,0,0,0,4,0,0,4,2,5,0,2,0,0,0,0,0,0,0,0
2016-01-21,5,42390_5,27,0,0,0,0,0,7,0,1,0,0,0,0,2,11,9,5,1,1,0,0,0,0,0,0,0
2016-01-21,6,42390_6,8,0,0,0,0,0,33,0,0,0,5,0,2,5,2,2,4,1,2,0,0,0,0,0,0,0
2016-01-21,7,42390_7,17,0,0,0,0,0,6,0,0,0,0,0,0,15,4,6,10,2,4,0,0,0,0,0,0,0
2016-01-21,9,42390_9,10,0,0,0,0,0,13,0,2,9,0,0,0,4,11,0,8,2,4,1,0,0,0,0,0,0
2016-01-21,10,42390_10,13,0,0,0,0,0,10,0,0,0,0,0,0,8,18,8,2,2,1,0,0,2,0,0,0,0
2016-01-21,11,42390_11,20,0,0,0,0,2,13,0,7,0,1,0,0,6,4,4,2,3,2,0,0,0,0,0,0,0
2016-02-24,1,42424_1,12,3,0,0,0,0,15,0,0,0,0,0,0,10,7,11,1,3,2,0,0,0,0,0,0,0
2016-02-24,2,42424_2,10,0,0,0,0,1,2,0,11,0,0,0,0,7,6,12,4,5,5,0,1,0,0,0,0,0
2016-02-24,3,42424_3,29,0,0,0,0,0,2,0,1,0,2,0,0,15,6,6,3,0,0,0,0,0,0,0,0,0
2016-02-24,4,42424_4,26,0,0,0,0,0,17,0,3,0,5,0,0,1,4,5,0,2,1,0,0,0,0,0,0,0
2016-02-24,5,42424_5,22,0,0,0,0,0,4,0,4,0,0,0,0,3,5,17,3,3,3,0,0,0,0,0,0,0
2016-02-24,6,42424_6,11,0,0,0,0,0,31,0,0,0,2,0,0,11,2,1,2,3,1,0,0,0,0,0,0,0
2016-02-24,7,42424_7,14,0,0,0,0,0,1,0,4,0,0,0,0,12,7,8,5,3,10,0,0,0,0,0,0,0
2016-02-24,9,42424_9,4,0,0,0,0,0,10,0,2,14,0,0,2,5,10,4,5,3,5,0,0,0,0,0,0,0
2016-02-24,10,42424_10,12,0,0,0,0,0,9,0,0,0,1,0,0,8,11,12,4,2,4,0,0,1,0,0,0,0
2016-02-24,11,42424_11,7,0,8,0,0,0,13,1,0,0,0,0,0,16,2,9,0,7,1,0,0,0,0,0,0,0
2016-03-18,1,42447_1,20,0,0,0,0,0,6,0,0,0,0,0,0,19,6,9,1,2,1,0,0,0,0,0,0,0
2016-03-18,2,42447_2,9,1,0,0,0,0,0,0,4,3,0,0,0,13,9,18,2,3,2,0,0,0,0,0,0,0
2016-03-18,3,42447_3,26,0,1,0,0,0,0,0,0,0,2,0,0,13,9,8,4,0,1,0,0,0,0,0,0,0
2016-03-18,4,42447_4,28,0,0,0,0,0,18,1,2,0,1,0,0,0,4,8,0,2,0,0,0,0,0,0,0,0
2016-03-18,5,42447_5,28,0,0,0,0,0,2,0,2,2,1,0,0,2,12,6,4,4,1,0,0,0,0,0,0,0
2016-03-18,6,42447_6,8,0,0,0,0,0,10,0,0,0,0,6,0,6,14,6,12,2,0,0,0,0,0,0,0,0
2016-03-18,7,42447_7,9,0,0,0,0,0,0,0,4,0,0,0,0,18,12,9,7,3,2,0,0,0,0,0,0,0
2016-03-18,9,42447_9,8,0,0,0,0,0,26,0,0,0,5,0,1,0,4,10,6,4,0,0,0,0,0,0,0,0
2016-03-18,10,42447_10,13,0,0,0,0,0,6,2,0,0,0,0,0,5,16,8,4,8,1,0,0,1,0,0,0,0
2016-03-18,11,42447_11,14,0,0,0,0,0,15,0,1,1,1,0,0,6,2,11,1,11,1,0,0,0,0,0,0,0
2016-04-21,1,42481_1,21,0,0,0,0,0,5,0,1,0,0,0,0,3,7,14,6,5,2,0,0,0,0,0,0,0
2016-04-21,2,42481_2,22,2,0,0,0,0,1,0,1,0,1,0,0,4,6,20,4,1,2,0,0,0,0,0,0,0
2016-04-21,3,42481_3,36,0,0,0,0,0,2,0,0,0,0,0,0,2,11,8,2,2,1,0,0,0,0,0,0,0
2016-04-21,4,42481_4,31,0,0,0,0,0,15,0,0,0,5,0,0,0,8,4,0,1,0,0,0,0,0,0,0,0
2016-04-21,5,42481_5,29,0,0,0,0,0,3,0,0,1,0,0,0,3,10,8,5,1,4,0,0,0,0,0,0,0
2016-04-21,6,42481_6,12,0,0,0,0,0,34,0,0,0,1,0,1,0,5,4,4,2,0,0,1,0,0,0,0,0
2016-04-21,7,42481_7,17,0,0,0,0,0,0,0,0,0,0,0,0,11,15,5,5,1,10,0,0,0,0,0,0,0
2016-04-21,9,42481_9,12,0,0,0,0,0,8,0,0,0,1,0,0,7,15,7,9,0,5,0,0,0,0,0,0,0
2016-04-21,10,42481_10,11,1,0,0,0,0,12,0,0,0,1,0,0,3,17,11,1,3,3,0,0,1,0,0,0,0
2016-04-21,11,42481_11,10,0,0,0,0,0,17,0,0,0,3,0,0,2,3,9,1,12,7,0,0,0,0,0,0,0
2016-05-23,1,42513_1,20,0,1,0,0,0,6,0,0,0,4,0,0,3,13,10,1,6,0,0,0,0,0,0,0,0
2016-05-23,2,42513_2,13,0,0,0,0,0,2,0,10,0,1,0,0,4,12,14,1,4,2,1,0,0,0,0,0,0
2016-05-23,3,42513_3,30,0,1,0,0,0,8,0,0,0,0,0,0,0,15,4,0,4,2,0,0,0,0,0,0,0
2016-05-23,4,42513_4,33,0,0,0,0,0,22,0,1,0,2,0,0,0,3,1,2,0,0,0,0,0,0,0,928.746,0
2016-05-23,5,42513_5,19,0,0,0,0,0,11,2,1,2,0,0,0,1,15,7,2,0,3,0,0,0,1,0,0,0
2016-05-23,6,42513_6,8,0,0,0,0,0,12,0,1,0,0,8,0,3,15,5,8,1,3,0,0,0,0,0,0,0
2016-05-23,7,42513_7,8,0,1,0,0,0,21,0,3,1,1,0,0,9,1,8,1,6,4,0,0,0,0,0,0,0
2016-05-23,9,42513_9,7,0,0,0,0,0,30,2,1,1,4,0,2,0,7,3,1,6,0,0,0,0,0,0,0,0
2016-05-23,10,42513_10,6,0,0,0,0,0,24,0,1,0,1,0,1,0,18,6,3,1,1,1,0,1,0,0,394.461,0
2016-05-23,11,42513_11,9,0,0,0,0,0,15,0,0,3,0,0,0,1,2,11,5,14,4,0,0,0,0,0,0,0
2016-07-12,1,42563_1,26,1,3,0,0,0,3,0,0,0,0,0,0,3,9,13,2,3,1,0,0,0,0,0,0,0
2016-07-12,2,42563_2,14,0,1,0,0,0,0,2,2,0,0,0,0,0,14,15,2,7,7,0,0,0,0,0,0,0
2016-07-12,3,42563_3,30,0,0,0,0,0,9,0,1,0,0,0,0,0,11,5,1,6,0,1,0,0,0,0,0,0
2016-07-12,4,42563_4,39,0,0,0,0,0,16,2,0,0,0,0,0,0,2,2,0,3,0,0,0,0,0,0,928.746,0
2016-07-12,5,42563_5,22,0,0,0,0,0,1,7,2,0,2,0,0,0,10,13,1,5,1,0,0,0,0,0,0,0
2016-07-12,6,42563_6,7,0,3,0,0,0,20,0,2,1,0,0,3,2,8,7,0,9,1,1,0,0,0,0,0,0
2016-07-12,7,42563_7,21,0,0,0,0,0,0,0,0,1,0,0,0,10,11,10,3,0,8,0,0,0,0,0,0,0
2016-07-12,9,42563_9,7,0,0,0,0,0,5,0,1,12,3,0,1,1,15,8,6,3,2,0,0,0,0,0,0,0
2016-07-12,10,42563_10,16,0,1,0,0,0,9,0,2,0,0,0,0,0,23,5,2,4,1,0,0,1,0,0,394.461,0
2016-07-12,11,42563_11,10,0,1,0,0,0,13,3,0,4,0,0,0,1,3,17,0,7,5,0,0,0,0,0,0,0
2016-09-05,1,42618_1,28,0,2,0,0,0,3,1,0,0,0,0,0,6,6,12,3,2,1,0,0,0,0,0,0,0
2016-09-05,2,42618_2,16,0,1,0,0,0,0,0,3,0,0,0,0,0,11,18,6,5,4,0,0,0,0,0,659.098,0
2016-09-05,3,42618_3,33,0,2,0,0,0,2,0,0,0,0,0,0,3,11,6,3,3,0,1,0,0,0,0,0,0
2016-09-05,4,42618_4,41,0,0,4,0,0,0,7,0,0,0,0,0,0,4,6,0,2,0,0,0,0,0,178.201,928.746,0.191872697
2016-09-05,5,42618_5,27,0,1,0,0,0,0,3,1,0,0,0,0,0,11,15,3,2,1,0,0,0,0,0,0,0
2016-09-05,6,42618_6,16,0,0,0,0,0,0,0,0,0,0,0,2,0,22,4,10,6,3,1,0,0,0,0,0,0
2016-09-05,7,42618_7,22,0,0,0,0,0,0,0,1,0,0,0,0,5,12,8,1,2,13,0,0,0,0,0,0,0
2016-09-05,9,42618_9,7,0,0,0,0,0,1,4,1,1,0,0,1,3,29,5,3,1,5,3,0,0,0,0,0,0
2016-09-05,10,42618_10,12,0,1,2,0,0,0,2,0,0,0,0,1,0,22,17,6,0,1,0,0,0,0,63.933,394.461,0.162076859
2016-09-05,11,42618_11,15,0,0,0,0,0,0,11,1,3,0,0,0,3,6,9,1,10,5,0,0,0,0,0,0,0
2016-10-20,1,42663_1,24,0,0,0,0,0,2,2,1,0,0,0,0,0,7,21,5,0,1,1,0,0,0,0,0,0
2016-10-20,2,42663_2,18,0,1,0,0,0,0,0,0,0,0,0,0,2,9,22,4,3,5,0,0,0,0,0,659.098,0
2016-10-20,3,42663_3,33,0,0,0,0,0,1,3,0,0,0,0,0,1,11,9,3,2,1,0,0,0,0,0,0,0
2016-10-20,4,42663_4,22,0,4,0,0,16,2,3,0,0,0,0,0,0,5,7,2,1,2,0,0,0,0,502.902,669.603,0.751045022
2016-10-20,5,42663_5,33,0,0,0,0,0,1,1,0,0,0,0,0,2,8,12,2,2,3,0,0,0,0,0,0,0
2016-10-20,6,42663_6,23,0,0,0,0,0,4,0,0,0,0,0,0,1,15,8,8,5,0,0,0,0,0,0,0,0
2016-10-20,7,42663_7,25,0,0,0,0,0,0,1,0,0,0,0,0,4,8,11,3,5,6,0,0,0,1,0,0,0
2016-10-20,9,42663_9,6,0,1,0,0,0,2,0,0,0,0,0,1,8,16,10,7,5,8,0,0,0,0,0,0,0
2016-10-20,10,42663_10,17,0,1,0,0,2,1,1,0,0,0,0,0,0,21,10,3,6,2,0,0,0,0,0,0,0
2016-10-20,11,42663_11,15,0,0,0,0,0,6,4,0,0,1,0,0,3,7,18,3,7,0,0,0,0,0,0,438.603,0
2016-11-22,1,42696_1,20,0,0,1,0,0,0,0,0,0,0,0,0,0,4,23,9,5,2,0,0,0,0,0,0,0
2016-11-22,2,42696_2,8,1,0,0,0,0,0,0,0,0,0,0,0,4,8,25,4,5,9,0,0,0,0,35.353,649.016,0.054471693
2016-11-22,3,42696_3,37,0,0,0,0,0,1,0,0,0,1,0,0,1,9,8,3,3,1,0,0,0,0,0,0,0
2016-11-22,4,42696_4,28,0,11,0,2,0,1,1,0,0,0,0,0,1,11,7,0,0,2,0,0,0,0,0,0,0
2016-11-22,5,42696_5,34,0,0,0,0,0,0,3,0,0,0,0,0,0,7,12,1,3,3,1,0,0,0,0,0,0
2016-11-22,6,42696_6,18,0,0,0,0,0,3,0,0,0,6,0,1,0,9,13,9,3,2,0,0,0,0,0,0,0
2016-11-22,7,42696_7,27,0,0,0,0,0,0,2,0,0,0,0,0,0,4,16,3,2,10,0,0,0,0,0,0,0
2016-11-22,9,42696_9,11,0,0,0,0,0,3,3,1,1,0,0,1,13,15,7,4,2,3,0,0,0,0,0,0,0
2016-11-22,10,42696_10,17,0,5,0,0,0,1,0,0,0,0,0,0,0,13,21,3,2,2,0,0,0,0,0,0,0
2016-11-22,11,42696_11,13,0,0,1,0,0,4,1,0,0,3,0,0,4,5,16,1,8,8,0,0,0,0,0,402.74,0
2016-12-20,1,42724_1,36,0,0,0,0,0,2,0,0,0,0,0,0,5,8,8,2,2,1,0,0,0,0,0,0,0
2016-12-20,2,42724_2,19,0,2,0,0,0,0,0,0,0,0,0,0,2,7,19,3,11,1,0,0,0,0,20.254,649.016,0.031207243
2016-12-20,3,42724_3,35,0,0,0,0,0,0,0,0,0,3,0,0,4,8,7,3,3,1,0,0,0,0,0,0,0
2016-12-20,4,42724_4,28,0,13,0,0,0,2,1,0,0,0,0,0,2,9,5,0,3,0,1,0,0,0,0,0,0
2016-12-20,5,42724_5,39,0,0,0,0,0,0,2,0,0,1,0,0,1,5,7,3,4,2,0,0,0,0,0,0,0
2016-12-20,6,42724_6,12,0,0,0,0,1,4,1,2,0,4,0,1,0,12,9,7,8,3,0,0,0,0,0,0,0
2016-12-20,7,42724_7,24,0,0,0,0,0,0,1,0,0,0,0,0,0,8,11,3,7,10,0,0,0,0,0,0,0
2016-12-20,9,42724_9,7,0,0,0,0,0,5,2,5,1,0,0,1,13,10,8,2,6,4,0,0,0,0,0,0,0
2016-12-20,10,42724_10,19,0,2,0,0,0,1,0,0,0,0,0,0,0,10,15,2,6,9,0,0,0,0,0,0,0
2016-12-20,11,42724_11,14,0,0,0,0,0,3,0,3,0,6,0,0,2,13,14,1,5,3,0,0,0,0,3.998,360.936,0.011076756
2017-01-01,1,42736_1,27,0,0,0,0,0,0,0,1,3,0,0,0,5,3,12,2,7,4,0,0,0,0,0,0,0
2017-01-01,2,42736_2,20,0,1,0,0,0,0,0,4,0,0,0,0,2,4,3,2,21,7,0,0,0,0,0,0,0
2017-01-01,3,42736_3,34,0,0,0,0,0,2,1,2,0,2,0,0,5,7,4,2,5,0,0,0,0,0,0,0,0
2017-01-01,4,42736_4,30,0,0,0,0,0,3,1,3,0,0,0,0,5,5,0,2,15,0,0,0,0,0,0,0,0
2017-01-01,5,42736_5,33,0,0,0,0,0,2,2,1,0,2,0,0,2,2,8,5,4,3,0,0,0,0,0,0,0
2017-01-01,6,42736_6,12,0,0,0,0,0,4,0,8,0,3,0,0,5,9,10,5,3,3,0,2,0,0,0,0,0
2017-01-01,7,42736_7,28,0,0,0,0,0,0,1,1,0,0,0,0,0,8,3,6,5,12,0,0,0,0,0,0,0
2017-01-01,9,42736_9,4,0,0,0,0,0,7,0,5,1,0,0,1,24,8,3,3,4,4,0,0,0,0,0,0,0
2017-01-01,10,42736_10,16,1,0,0,0,0,2,0,3,0,0,0,0,0,12,12,1,8,9,0,0,0,0,0,0,0
2017-01-01,11,42736_11,13,0,0,0,0,0,7,2,2,0,7,0,0,5,10,5,5,4,4,0,0,0,0,0,0,0
2017-02-01,1,42767_1,20,0,0,0,0,0,7,0,4,0,0,0,1,15,1,10,3,1,2,0,0,0,0,0,0,0
2017-02-01,2,42767_2,12,0,0,0,0,0,0,0,26,1,0,0,0,12,1,6,1,3,2,0,0,0,0,0,0,0
2017-02-01,3,42767_3,29,0,0,0,0,0,5,0,1,1,5,0,0,13,4,3,2,1,0,0,0,0,0,0,0,0
2017-02-01,4,42767_4,21,0,0,0,0,0,4,1,8,11,0,0,0,5,0,5,1,5,3,0,0,0,0,0,0,0
2017-02-01,5,42767_5,30,0,0,0,0,0,3,0,10,1,2,0,0,5,1,8,1,2,1,0,0,0,0,0,0,0
2017-02-01,6,42767_6,14,0,0,0,0,0,4,0,4,4,3,0,1,3,4,3,17,5,1,1,0,0,0,0,0,0
2017-02-01,7,42767_7,22,0,0,0,0,0,1,0,6,3,0,0,0,0,10,5,2,0,15,0,0,0,0,0,0,0
2017-02-01,9,42767_9,10,0,0,0,0,0,10,0,2,4,0,0,1,9,9,3,9,0,6,1,0,0,0,0,0,0
2017-02-01,10,42767_10,7,0,0,0,0,0,0,0,12,2,1,5,0,0,7,21,3,1,5,0,0,0,0,0,0,0
2017-02-01,11,42767_11,7,0,0,0,0,0,3,0,3,1,8,0,0,5,7,16,4,1,8,1,0,0,0,0,0,0
2017-03-16,1,42810_1,17,1,0,0,0,0,3,0,10,1,0,5,0,15,0,7,1,3,1,0,0,0,0,0,0,0
2017-03-16,2,42810_2,16,0,0,0,0,0,0,0,28,2,1,3,0,2,1,5,2,1,2,1,0,0,0,0,0,0
2017-03-16,3,42810_3,31,0,0,0,0,0,3,0,8,1,6,0,0,6,7,2,0,0,0,0,0,0,0,0,0,0
2017-03-16,4,42810_4,15,0,0,0,0,0,3,1,14,20,0,0,0,7,2,1,1,0,0,0,0,0,0,0,0,0
2017-03-16,5,42810_5,33,0,0,0,0,0,4,0,6,3,1,0,0,1,1,5,4,4,2,0,0,0,0,0,0,0
2017-03-16,6,42810_6,13,0,0,0,0,0,2,1,7,5,9,3,0,4,6,0,7,3,3,1,0,0,0,0,0,0
2017-03-16,7,42810_7,21,0,0,0,0,0,1,1,6,0,0,5,0,0,7,10,3,0,9,1,0,0,0,0,0,0
2017-03-16,9,42810_9,11,0,0,0,0,0,7,0,2,1,0,0,0,3,15,10,3,2,9,1,0,0,0,0,0,0
2017-03-16,10,42810_10,16,0,1,0,0,0,1,0,10,3,1,7,0,0,4,11,0,3,7,0,0,0,0,0,0,0
2017-03-16,11,42810_11,17,0,0,0,0,0,2,0,1,8,4,0,0,1,2,17,4,3,4,1,0,0,0,0,0,0
2017-05-15,1,42870_1,10,0,2,0,0,0,11,0,1,0,1,0,5,2,11,4,6,2,8,1,0,0,0,0,0,0
2017-05-15,2,42870_2,15,0,1,0,0,0,0,0,0,4,0,4,1,1,3,19,7,7,2,0,0,0,0,0,0,0
2017-05-15,3,42870_3,23,0,2,0,0,0,3,0,3,1,4,0,0,5,9,9,1,1,0,3,0,0,0,0,0,0
2017-05-15,4,42870_4,25,0,0,0,0,0,9,1,0,14,0,0,0,1,3,5,2,2,2,0,0,0,0,0,0,0
2017-05-15,5,42870_5,24,0,4,0,0,0,10,0,0,3,0,2,0,0,8,6,4,0,3,0,0,0,0,0,0,0
2017-05-15,6,42870_6,14,0,0,0,0,0,1,1,0,6,0,0,0,9,6,17,1,3,6,0,0,0,0,0,0,0
2017-05-15,7,42870_7,19,2,0,0,0,0,3,0,9,2,0,0,0,1,12,7,3,3,3,0,0,0,0,0,0,0
2017-05-15,9,42870_9,10,0,0,0,0,0,1,0,1,5,2,0,0,2,7,14,3,15,3,1,0,0,0,0,0,0
2017-05-15,10,42870_10,18,0,3,0,0,0,10,0,0,0,0,5,0,4,6,10,2,2,2,2,0,0,0,0,0,0
2017-05-15,11,42870_11,12,0,0,0,0,0,4,1,0,15,4,0,0,0,3,8,10,6,1,0,0,0,0,0,0,0
2017-06-27,1,42913_1,17,0,0,0,0,0,15,0,0,0,0,0,0,3,11,14,0,2,2,0,0,0,0,0,0,0
2017-06-27,2,42913_2,21,0,0,0,0,0,0,1,0,5,0,1,0,0,6,23,1,0,6,0,0,0,0,0,0,0
2017-06-27,3,42913_3,34,0,1,0,0,0,7,0,0,2,0,0,0,6,4,6,2,2,0,0,0,0,0,0,0,0
2017-06-27,4,42913_4,14,0,0,0,0,0,10,1,0,20,0,0,0,1,2,6,3,3,4,0,0,0,0,0,752.914,0
2017-06-27,5,42913_5,25,0,0,0,0,0,9,2,1,6,0,0,0,0,9,8,2,1,1,0,0,0,0,0,0,0
2017-06-27,6,42913_6,8,0,1,0,0,0,13,0,0,1,0,0,0,2,20,5,3,1,10,0,0,0,0,0,0,0
2017-06-27,7,42913_7,23,0,0,0,0,0,10,0,0,0,0,0,0,0,12,7,1,1,9,1,0,0,0,0,0,0
2017-06-27,9,42913_9,10,0,0,0,0,0,8,0,0,10,4,1,0,2,11,7,8,3,0,0,0,0,0,0,0,0
2017-06-27,11,42913_11,19,0,0,0,0,0,7,0,0,0,0,0,0,3,9,14,4,5,3,0,0,0,0,0,0,0
2017-07-31,1,42947_1,35,0,0,0,0,0,7,0,0,0,0,0,0,3,5,10,1,3,0,0,0,0,0,0,0,0
2017-07-31,2,42947_2,21,0,0,0,0,0,1,1,0,0,0,0,0,2,5,17,3,3,10,1,0,0,0,0,625.834,0
2017-07-31,3,42947_3,43,0,0,0,0,0,2,1,0,0,0,0,0,6,2,6,2,0,1,1,0,0,0,0,0,0
2017-07-31,4,42947_4,24,0,0,0,0,0,6,0,0,18,0,0,0,0,3,12,0,1,0,0,0,0,0,0,752.914,0
2017-07-31,5,42947_5,30,0,0,0,0,0,6,0,0,4,0,0,0,1,6,12,2,2,0,1,0,0,0,0,0,0
2017-07-31,6,42947_6,15,0,0,0,0,0,9,0,0,13,0,0,1,2,7,10,3,3,1,0,0,0,0,0,0,0
2017-07-31,7,42947_7,28,0,1,0,0,0,5,0,0,1,0,0,0,0,9,11,1,3,5,0,0,0,0,0,0,0
2017-07-31,9,42947_9,9,0,0,0,0,0,4,0,0,0,0,0,2,7,15,12,3,6,6,0,0,0,0,0,0,0
2017-07-31,11,42947_11,22,0,0,0,0,0,8,0,0,2,0,0,0,2,5,9,3,10,2,1,0,0,0,0,0,0
2017-08-25,1,42972_1,28,0,0,0,0,0,6,0,0,0,0,0,0,0,6,19,2,3,0,0,0,0,0,0,0,0
2017-08-25,2,42972_2,20,0,3,1,0,0,2,0,0,1,0,0,0,2,4,19,0,3,9,0,0,0,0,0,625.834,0
2017-08-25,3,42972_3,43,0,0,0,0,0,1,0,0,0,0,0,0,2,6,5,2,2,2,0,0,0,1,0,0,0
2017-08-25,4,42972_4,23,0,0,1,0,0,0,4,0,13,0,0,0,1,9,7,0,5,1,0,0,0,0,17.597,752.914,0.023371859
2017-08-25,5,42972_5,29,0,0,0,0,0,0,0,0,0,0,0,0,4,4,16,1,7,3,0,0,0,0,0,700.006,0
2017-08-25,6,42972_6,15,0,0,0,0,0,4,2,0,12,0,0,0,2,5,9,8,4,2,1,0,0,0,0,0,0
2017-08-25,7,42972_7,41,0,0,0,0,0,0,1,0,1,0,0,0,0,4,7,0,3,6,1,0,0,0,0,879.631,0
2017-08-25,9,42972_9,8,0,0,0,0,0,8,6,0,2,0,0,5,2,12,9,1,5,6,0,0,0,0,0,0,0
2017-08-25,11,42972_11,25,0,1,0,0,0,5,3,0,3,0,0,3,2,4,12,0,5,1,0,0,0,0,0,0,0
2017-09-26,1,43004_1,12,0,0,0,0,0,9,5,0,1,0,0,0,1,13,12,4,4,3,0,0,0,0,0,0,0
2017-09-26,2,43004_2,24,0,1,0,0,0,1,0,0,0,0,0,0,1,4,19,0,8,5,1,0,0,0,0,0,0
2017-09-26,3,43004_3,25,0,0,0,0,0,0,1,0,0,0,0,0,0,10,12,0,3,12,1,0,0,0,0,0,0
2017-09-26,4,43004_4,34,0,0,0,0,0,2,6,0,0,1,0,0,0,2,9,2,8,0,0,0,0,0,0,0,0
2017-09-26,5,43004_5,30,0,1,0,0,0,3,1,0,1,0,0,0,0,9,9,0,1,8,0,0,1,0,5.453,700.006,0.007789933
2017-09-26,6,43004_6,9,0,0,0,0,0,6,5,0,2,0,0,2,1,21,3,3,6,6,0,0,0,0,0,0,0
2017-09-26,7,43004_7,12,0,0,0,0,0,2,5,0,0,1,0,0,0,17,6,10,6,3,2,0,0,0,0,879.631,0
2017-09-26,9,43004_9,26,0,1,0,0,0,3,2,0,0,0,0,0,0,3,13,3,8,5,0,0,0,0,0,0,0
2017-09-26,11,43004_11,42,0,2,0,0,0,0,0,0,1,0,0,0,0,4,9,4,2,0,0,0,0,0,0,0,0
2017-10-20,1,43028_1,27,0,0,0,0,0,1,2,0,0,0,0,0,2,3,24,0,0,5,0,0,0,0,0,0,0
2017-10-20,2,43028_2,20,0,0,2,1,0,0,0,0,0,0,0,0,0,7,14,1,15,4,0,0,0,0,134.379,526.618,0.255173579
2017-10-20,3,43028_3,36,0,1,0,0,0,0,1,0,0,0,0,0,0,7,9,1,1,8,0,0,0,0,0,0,0
2017-10-20,4,43028_4,21,0,1,0,0,0,0,2,1,4,0,0,0,4,3,17,0,5,2,0,0,4,0,0,0,0
2017-10-20,5,43028_5,24,0,2,5,2,0,2,4,0,2,0,0,0,0,10,6,0,4,3,0,0,0,0,252.291,700.006,0.360412625
2017-10-20,6,43028_6,17,0,1,0,0,0,3,2,0,0,1,0,0,0,14,4,5,13,4,0,0,0,0,0,0,0
2017-10-20,7,43028_7,22,0,0,0,0,0,5,0,0,0,0,0,0,0,5,15,0,2,15,0,0,0,0,4.89,879.631,0.005559149
2017-10-20,9,43028_9,9,0,1,0,0,0,0,2,0,0,0,0,1,2,15,12,1,6,10,5,0,0,0,0,0,0
2017-10-20,11,43028_11,15,0,0,0,0,0,11,3,0,0,0,0,0,0,2,21,0,8,4,0,0,0,0,0,0,0
2017-12-11,1,43080_1,26,0,0,0,0,0,4,2,0,0,2,0,0,3,4,11,0,9,3,0,0,0,0,0,0,0
2017-12-11,2,43080_2,13,0,0,0,0,0,1,0,0,0,0,0,0,0,4,10,3,29,4,0,0,0,0,0,0,0
2017-12-11,3,43080_3,35,0,0,0,0,0,0,0,0,0,0,0,0,1,11,6,1,9,1,0,0,0,0,0,0,0
2017-12-11,4,43080_4,28,0,1,0,0,0,1,0,0,0,0,0,0,4,0,9,0,19,0,0,0,2,0,0,0,0
2017-12-11,5,43080_5,29,0,0,0,0,0,5,1,1,0,2,0,0,0,1,8,1,9,5,0,0,2,0,3.787,553,0.006848101
2017-12-11,6,43080_6,27,0,0,0,0,0,1,0,0,0,0,0,0,1,8,5,5,15,1,0,1,0,0,0,0,0
2017-12-11,7,43080_7,31,0,0,0,0,0,0,2,0,0,0,0,0,1,7,8,0,3,12,0,0,0,0,0,0,0
2017-12-11,9,43080_9,12,0,0,0,0,0,1,0,1,2,0,0,0,3,14,4,2,17,8,0,0,0,0,0,0,0
2017-12-11,11,43080_11,16,0,0,0,0,0,2,2,0,1,0,0,0,3,4,17,0,10,8,1,0,0,0,0,0,0
2018-01-30,1,43130_1,21,0,0,0,0,0,7,0,13,0,1,0,0,9,1,8,3,0,0,1,0,0,0,0,0,0
2018-01-30,2,43130_2,5,0,0,0,0,0,0,0,32,0,0,0,0,8,5,8,1,3,2,0,0,0,0,0,0,0
2018-01-30,3,43130_3,32,1,0,0,0,0,1,0,15,4,0,0,0,0,5,4,1,1,0,0,0,0,0,0,0,0
2018-01-30,4,43130_4,27,0,0,0,0,0,1,0,2,8,0,0,0,2,4,12,4,2,0,1,0,1,0,0,0,0
2018-01-30,5,43130_5,21,0,0,0,0,0,5,1,16,5,0,0,0,1,7,4,2,0,0,1,0,1,0,0,0,0
2018-01-30,6,43130_6,13,0,0,0,0,0,8,1,14,3,1,0,0,1,5,7,3,7,0,1,0,0,0,0,0,0
2018-01-30,7,43130_7,29,0,0,0,0,0,2,0,3,3,0,0,0,2,6,7,2,3,7,0,0,0,0,0,0,0
2018-01-30,9,43130_9,5,0,0,0,0,0,3,0,19,10,1,0,0,4,4,10,1,3,4,0,0,0,0,0,0,0
2018-01-30,11,43130_11,14,0,0,0,0,0,6,0,2,4,0,0,0,5,7,13,1,2,8,2,0,0,0,0,0,0
2018-02-21,1,43152_1,19,0,0,0,0,0,8,0,2,5,5,0,0,3,5,9,2,1,2,3,0,0,0,0,0,0
2018-02-21,2,43152_2,8,0,0,0,0,0,1,0,29,6,2,0,0,6,0,10,0,0,1,1,0,0,0,0,0,0
2018-02-21,3,43152_3,21,2,3,0,0,0,1,0,22,1,0,5,0,0,4,4,0,0,0,1,0,0,0,0,0,0
2018-02-21,4,43152_4,19,0,0,0,0,0,5,0,1,3,1,15,0,0,3,12,2,1,1,0,0,1,0,0,0,0
2018-02-21,5,43152_5,23,0,4,0,0,0,8,0,2,3,0,0,0,2,7,5,1,5,1,2,0,1,0,0,0,0
2018-02-21,6,43152_6,12,2,0,0,0,0,12,0,6,0,4,5,1,2,5,6,4,3,2,0,0,0,0,0,0,0
2018-02-21,7,43152_7,21,0,0,0,0,0,2,0,10,1,0,6,0,1,5,9,2,1,6,0,0,0,0,0,0,0
2018-02-21,9,43152_9,6,0,0,0,0,0,4,0,13,8,1,10,0,2,6,1,2,5,6,0,0,0,0,0,0,0
2018-02-21,11,43152_11,10,0,0,0,0,0,8,0,5,2,0,4,0,7,7,7,5,6,3,0,0,0,0,0,0,0
2018-02-21,12,43152_12,9,0,0,0,0,0,4,0,23,2,9,0,0,2,13,0,0,1,1,0,0,0,0,0,0,0
2018-03-19,1,43178_1,26,0,0,0,0,0,6,0,0,1,3,3,0,0,2,19,2,0,2,0,0,0,0,0,0,0
2018-03-19,2,43178_2,11,0,0,0,0,0,0,0,1,1,1,9,0,2,2,14,4,6,12,1,0,0,0,0,0,0
2018-03-19,3,43178_3,32,3,0,0,0,0,1,0,2,0,2,2,0,0,4,8,1,3,1,5,0,0,0,0,0,0
2018-03-19,4,43178_4,28,0,0,0,0,0,1,0,0,0,0,17,0,0,0,9,5,1,1,0,0,2,0,0,0,0
2018-03-19,5,43178_5,26,0,2,0,0,0,10,0,0,0,0,0,0,1,5,12,0,2,5,0,0,1,0,0,0,0
2018-03-19,6,43178_6,19,0,0,0,0,0,7,0,2,1,2,10,2,3,5,3,4,5,0,1,0,0,0,0,0,0
2018-03-19,7,43178_7,27,0,0,0,0,0,2,0,0,0,0,5,0,0,3,15,2,1,9,0,0,0,0,0,0,0
2018-03-19,9,43178_9,4,0,0,0,0,0,0,0,2,2,1,8,0,7,7,6,7,2,18,0,0,0,0,0,0,0
2018-03-19,11,43178_11,10,0,0,0,0,0,4,0,1,2,0,4,0,15,4,11,3,2,8,0,0,0,0,0,0,0
2018-04-23,1,43213_1,29,0,0,0,0,0,3,0,1,0,2,3,0,0,4,17,1,3,1,0,0,0,0,0,0,0
2018-04-23,2,43213_2,15,0,0,0,0,0,0,0,0,0,2,4,0,2,3,15,2,12,9,0,0,0,0,0,0,0
2018-04-23,3,43213_3,43,4,1,0,0,0,3,0,0,0,0,1,1,1,2,3,2,2,1,0,0,0,0,0,0,0
2018-04-23,4,43213_4,28,0,0,0,0,0,3,2,0,0,0,0,0,1,13,5,1,3,8,0,0,0,0,0,0,0
2018-04-23,5,43213_5,26,0,0,0,0,0,0,0,0,1,0,13,0,0,0,11,3,3,3,0,0,4,0,0,0,0
2018-04-23,6,43213_6,16,0,0,0,0,0,4,2,2,1,4,5,3,3,2,3,5,11,3,0,0,0,0,0,0,0
2018-04-23,7,43213_7,24,0,0,0,0,0,1,1,0,0,1,2,0,0,10,13,2,2,8,0,0,0,0,0,0,0
2018-04-23,9,43213_9,10,0,0,0,0,0,0,0,0,0,1,8,0,9,13,4,4,2,13,0,0,0,0,0,0,0
2018-04-23,11,43213_11,12,0,0,0,0,0,7,0,0,0,0,7,0,8,10,11,3,2,3,1,0,0,0,0,0,0
2018-05-28,1,43248_1,23,0,0,0,0,0,8,0,0,0,6,0,0,0,8,14,1,3,1,0,0,0,0,0,0,0
2018-05-28,2,43248_2,7,0,0,0,0,0,0,1,10,4,0,0,0,1,7,21,4,9,0,0,0,0,0,0,0,0
2018-05-28,3,43248_3,26,0,0,0,0,0,4,0,10,0,3,3,0,0,6,6,1,5,0,0,0,0,0,0,0,0
2018-05-28,4,43248_4,26,0,0,0,0,0,2,0,0,0,0,10,0,0,6,7,0,7,1,0,0,5,0,0,0,0
2018-05-28,5,43248_5,15,0,2,0,0,0,11,4,1,0,0,1,0,1,12,8,1,4,2,0,0,2,0,0,0,0
2018-05-28,6,43248_6,14,0,2,0,0,0,19,1,0,1,4,0,0,2,7,3,1,8,2,0,0,0,0,0,0,0
2018-05-28,7,43248_7,20,0,0,0,0,0,6,0,0,0,3,0,0,0,10,8,0,1,16,0,0,0,0,0,0,0
2018-05-28,9,43248_9,11,0,0,0,0,0,5,0,0,0,6,7,0,0,12,6,4,4,9,0,0,0,0,0,0,0
2018-05-28,11,43248_11,10,0,0,0,0,0,6,3,0,0,0,0,0,10,7,14,4,8,2,0,0,0,0,0,0,0
2018-05-28,12,43248_12,5,0,0,0,0,0,6,0,0,0,32,1,0,0,13,5,1,1,0,0,0,0,0,0,0,0
2018-06-25,1,43276_1,31,0,0,0,0,0,6,0,0,0,2,0,0,1,3,20,0,0,1,0,0,0,0,0,0,0
2018-06-25,2,43276_2,16,0,0,0,0,0,2,0,0,1,0,0,0,0,13,19,5,2,6,0,0,0,0,0,481.835,0
2018-06-25,3,43276_3,32,0,1,0,0,0,4,0,0,0,4,0,0,0,7,10,4,0,2,0,0,0,0,0,0,0
2018-06-25,4,43276_4,20,0,0,0,0,0,14,3,1,0,0,0,0,0,9,7,2,7,0,0,0,1,0,0,0,0
2018-06-25,5,43276_5,22,0,1,0,0,0,8,0,0,0,0,4,0,1,2,19,1,3,0,0,0,3,0,0,0,0
2018-06-25,6,43276_6,21,0,1,0,0,0,16,0,0,0,2,0,3,1,7,11,1,1,0,0,0,0,0,0,0,0
2018-06-25,7,43276_7,28,0,0,0,0,0,3,0,0,0,0,0,0,3,8,15,1,0,6,0,0,0,0,0,879.631,0
2018-06-25,9,43276_9,11,0,0,0,0,0,5,0,0,0,3,0,0,6,18,9,2,3,7,0,0,0,0,0,0,0
2018-06-25,11,43276_11,18,0,0,0,0,0,12,1,0,1,0,0,0,6,3,13,3,3,4,0,0,0,0,0,0,0
2018-06-25,12,43276_12,8,0,0,0,0,0,7,0,0,1,11,0,0,1,25,8,1,2,0,0,0,0,0,0,0,0
2018-07-27,1,43308_1,22,0,0,0,0,0,13,0,0,0,0,0,0,2,4,11,0,6,6,0,0,0,0,0,0,0
2018-07-27,2,43308_2,15,0,1,0,0,0,2,1,0,3,0,0,0,0,6,8,0,18,10,0,0,0,0,0,481.835,0
2018-07-27,3,43308_3,35,0,0,0,0,0,9,0,0,0,0,0,0,0,6,6,2,6,0,0,0,0,0,0,0,0
2018-07-27,4,43308_4,23,0,0,0,0,0,7,3,0,0,0,10,0,0,7,10,1,0,1,0,0,2,0,0,0,0
2018-07-27,5,43308_5,17,0,0,0,0,0,10,4,1,6,0,0,0,1,7,11,0,2,4,0,0,1,0,0,0,0
2018-07-27,6,43308_6,12,0,0,0,0,0,33,1,0,0,1,5,0,0,3,2,0,6,0,1,0,0,0,0,0,0
2018-07-27,7,43308_7,26,0,0,0,0,0,4,2,0,0,0,0,0,0,5,9,0,9,9,0,0,0,0,0,879.631,0
2018-07-27,9,43308_9,13,0,0,0,0,0,6,0,1,0,1,0,0,6,14,4,4,7,7,1,0,0,0,0,0,0
2018-07-27,11,43308_11,16,0,0,0,0,0,9,2,0,0,0,0,0,1,9,20,1,6,0,0,0,0,0,0,0,0
2018-07-27,12,43308_12,11,0,0,0,0,0,9,0,0,1,0,0,0,0,30,10,1,1,1,0,0,0,0,0,0,0
2018-08-18,1,43330_1,35,0,0,0,0,0,4,1,0,0,0,0,0,0,1,13,0,6,4,0,0,0,0,0,0,0
2018-08-18,2,43330_2,13,0,0,0,0,0,0,1,0,3,0,0,0,1,6,17,1,11,11,0,0,0,0,7.142,481.835,0.014822501
2018-08-18,3,43330_3,44,0,1,0,0,0,0,2,0,0,0,0,0,0,3,5,0,9,0,0,0,0,0,0,0,0
2018-08-18,4,43330_4,22,0,0,0,0,0,1,9,1,0,0,0,0,0,10,7,4,4,1,3,0,2,0,0,0,0
2018-08-18,5,43330_5,27,0,0,0,0,0,0,5,0,7,0,0,0,1,5,15,2,0,1,0,0,0,1,0,0,0
2018-08-18,6,43330_6,18,0,0,0,0,0,3,4,0,0,3,0,1,4,9,10,6,4,2,0,0,0,0,0,0,0
2018-08-18,7,43330_7,27,0,0,0,0,0,2,6,0,3,0,0,0,0,4,8,1,2,11,0,0,0,0,10.759,879.631,0.012231265
2018-08-18,9,43330_9,8,0,0,0,0,0,4,0,0,0,0,0,0,6,18,16,2,0,10,0,0,0,0,0,0,0
2018-08-18,11,43330_11,13,0,1,0,0,0,5,3,0,0,0,0,0,4,5,20,0,1,12,0,0,0,0,0,0,0
2018-08-18,12,43330_12,10,0,1,0,0,0,7,0,0,2,0,0,0,0,32,5,1,3,3,0,0,0,0,0,0,0
2018-11-02,1,43406_1,25,0,0,0,0,0,5,0,0,0,0,0,0,0,6,15,2,9,1,1,0,0,0,0,0,0
2018-11-02,2,43406_2,17,0,0,0,1,0,0,0,0,0,0,0,0,0,7,19,7,6,7,0,0,0,0,25.89,481.835,0.053732087
2018-11-02,4,43406_4,34,0,0,0,0,0,0,4,0,0,0,0,0,0,5,8,0,7,3,1,0,2,0,0,0,0
2018-11-02,5,43406_5,32,1,0,0,0,0,1,0,0,3,0,0,0,1,10,5,0,7,0,3,0,1,0,0,0,0
2018-11-02,6,43406_6,25,0,0,0,0,0,6,0,0,0,1,0,1,1,8,17,0,3,2,0,0,0,0,0,0,0
2018-11-02,9,43406_9,6,0,0,0,0,0,3,1,0,0,0,0,0,6,17,4,6,10,11,0,0,0,0,0,0,0
2018-11-02,11,43406_11,19,0,0,0,0,0,8,3,0,0,0,0,0,0,9,15,0,6,4,0,0,0,0,0,0,0
2018-11-02,12,43406_12,13,0,0,0,0,0,2,1,0,1,0,0,0,1,34,8,0,2,1,1,0,0,0,0,0,0
2018-11-02,13,43406_13,29,0,2,0,0,0,1,0,0,0,0,0,0,0,14,11,0,5,2,0,0,0,0,0,0,0
2018-11-02,14,43406_14,10,0,0,0,0,0,8,3,0,0,0,0,1,1,5,10,0,7,19,0,0,0,0,0,0,0
2018-12-03,1,43437_1,38,0,0,0,0,0,1,0,0,0,1,0,0,0,2,16,1,0,5,0,0,0,0,0,0,0
2018-12-03,2,43437_2,13,0,0,0,0,0,0,0,1,0,0,0,0,0,5,22,7,9,7,0,0,0,0,0,0,0
2018-12-03,3,43437_3,44,0,0,0,0,0,0,0,0,0,0,0,0,0,1,7,2,10,0,0,0,0,0,0,0,0
2018-12-03,4,43437_4,31,0,0,0,0,0,3,1,0,1,0,0,0,0,5,12,2,7,1,0,0,1,0,0,0,0
2018-12-03,5,43437_5,23,0,0,0,0,0,3,2,0,1,0,0,0,1,7,13,0,7,4,0,0,3,0,0,0,0
2018-12-03,6,43437_6,18,0,0,0,0,0,3,0,0,0,0,0,1,1,11,13,6,7,3,0,1,0,0,0,0,0
2018-12-03,7,43437_7,2,0,0,0,0,0,0,0,0,0,0,0,0,0,8,13,0,8,33,0,0,0,0,0,0,0
2018-12-03,9,43437_9,9,0,0,0,0,0,6,0,0,0,0,0,0,9,12,9,7,6,6,0,0,0,0,0,0,0
2018-12-03,11,43437_11,18,1,0,0,0,0,2,5,0,0,0,0,1,0,4,15,2,11,5,0,0,0,0,0,0,0
2018-12-03,12,43437_12,0,0,0,0,0,0,0,0,0,0,0,0,0,0,0,0,0,0,0,0,0,0,0,0,0,0
2019-01-10,1,43475_1,33,3,0,0,0,0,0,2,0,0,3,0,1,0,0,16,1,3,1,1,0,0,0,0,0,0
2019-01-10,2,43475_2,13,0,1,0,0,0,3,0,0,0,1,0,0,0,6,18,5,13,4,0,0,0,0,0,0,0
2019-01-10,3,43475_3,28,0,0,0,0,0,0,0,0,0,1,0,0,0,8,12,0,12,3,0,0,0,0,0,0,0
2019-01-10,4,43475_4,29,0,0,0,0,0,0,1,0,0,0,0,0,0,8,7,0,13,3,1,0,2,0,0,0,0
2019-01-10,5,43475_5,24,2,0,0,0,0,1,0,0,3,1,0,0,1,6,8,4,8,5,0,0,1,0,0,0,0
2019-01-10,6,43475_6,14,0,0,0,0,0,2,3,2,0,1,0,0,5,6,10,5,11,4,0,1,0,0,0,0,0
2019-01-10,9,43475_9,7,0,0,0,0,0,5,2,0,0,1,0,0,7,14,10,2,11,5,0,0,0,0,0,0,0
2019-01-10,11,43475_11,15,1,0,0,0,0,6,0,1,0,2,0,0,1,13,9,2,12,2,0,0,0,0,0,0,0
2019-01-10,12,43475_12,11,0,0,0,0,0,6,0,0,0,0,0,0,1,38,1,0,7,0,0,0,0,0,0,0,0
2019-01-10,14,43475_14,11,0,0,0,0,0,3,3,2,1,0,0,3,3,4,10,0,9,15,0,0,0,0,0,0,0
2019-02-08,1,43504_1,38,4,1,0,0,0,1,0,2,0,3,0,0,0,2,8,1,3,0,1,0,0,0,0,0,0
2019-02-08,2,43504_2,9,0,0,0,0,0,2,0,9,0,2,0,0,0,8,18,0,8,8,0,0,0,0,0,0,0
2019-02-08,3,43504_3,30,0,0,0,0,0,0,0,4,0,1,0,0,2,10,8,1,6,1,1,0,0,0,0,0,0
2019-02-08,4,43504_4,34,0,0,0,0,0,1,0,0,0,2,0,0,0,3,13,0,9,1,0,0,1,0,0,0,0
2019-02-08,5,43504_5,31,0,0,0,0,0,1,0,4,1,0,0,0,0,10,8,2,5,1,0,0,1,0,0,0,0
2019-02-08,6,43504_6,12,1,2,0,0,0,10,0,4,0,1,0,1,0,7,12,2,12,0,0,0,0,0,0,0,0
2019-02-08,7,43504_7,7,0,0,0,0,0,4,0,5,0,1,0,3,5,9,8,1,2,19,0,0,0,0,0,0,0
2019-02-08,9,43504_9,8,0,0,0,0,0,6,0,8,4,1,0,0,3,12,10,2,6,4,0,0,0,0,0,0,0
2019-02-08,11,43504_11,18,0,0,0,0,0,8,0,3,0,3,0,0,1,9,12,0,6,4,0,0,0,0,0,0,0
2019-02-08,12,43504_12,10,0,0,0,0,0,4,0,0,1,0,0,0,1,41,3,0,3,1,0,0,0,0,0,0,0
2019-02-28,1,43524_1,27,3,1,0,0,0,1,0,15,0,2,0,0,0,0,11,1,2,1,0,0,0,0,0,0,0
2019-02-28,2,43524_2,7,0,0,0,0,0,2,0,38,0,3,0,0,1,2,3,2,4,2,0,0,0,0,0,0,0
2019-02-28,3,43524_3,29,0,0,0,0,0,0,0,15,0,1,0,0,4,6,6,0,2,1,0,0,0,0,0,0,0
2019-02-28,4,43524_4,26,0,0,0,0,0,2,0,8,6,1,0,0,0,2,9,0,6,2,0,0,2,0,0,0,0
2019-02-28,5,43524_5,25,0,1,0,0,0,1,0,6,6,2,0,0,4,7,5,1,3,3,0,0,0,0,0,0,0
2019-02-28,6,43524_6,20,0,0,0,0,0,8,0,12,4,0,5,1,1,3,2,2,5,1,0,0,0,0,0,0,0
2019-02-28,7,43524_7,9,0,0,0,0,0,6,0,4,3,1,0,3,1,3,14,1,2,16,1,0,0,0,0,0,0
2019-02-28,9,43524_9,10,0,0,0,0,0,8,0,14,0,0,9,0,4,10,3,2,1,3,0,0,0,0,0,0,0
2019-02-28,11,43524_11,15,1,0,0,0,0,3,0,1,2,4,0,2,3,14,13,0,3,2,1,0,0,0,0,0,0
2019-04-02,1,43557_1,26,1,1,0,0,0,5,0,9,5,2,0,0,0,3,5,2,2,0,3,0,0,0,0,0,0
2019-04-02,2,43557_2,1,0,0,0,0,0,3,0,47,0,6,0,0,3,0,1,0,2,1,0,0,0,0,0,0,0
2019-04-02,3,43557_3,16,0,0,0,0,0,2,0,22,0,2,0,0,0,9,7,1,4,1,0,0,0,0,0,0,0
2019-04-02,4,43557_4,21,0,0,0,0,0,1,0,12,1,1,14,0,0,2,7,0,2,2,0,0,1,0,0,0,0
2019-04-02,5,43557_5,29,0,0,0,0,0,1,0,7,0,2,9,0,3,3,3,0,5,1,0,0,1,0,0,0,0
2019-04-02,6,43557_6,16,0,0,0,0,0,4,0,2,0,3,0,2,0,5,11,7,7,4,3,0,0,0,0,0,0
2019-04-02,7,43557_7,7,0,0,0,0,0,7,0,8,0,3,0,4,2,1,3,0,10,19,0,0,0,0,0,0,0
2019-04-02,9,43557_9,3,0,0,0,0,0,8,0,17,14,3,4,2,3,3,2,1,1,3,0,0,0,0,0,0,0
2019-04-02,11,43557_11,14,0,0,0,0,0,13,0,1,2,1,13,0,0,0,10,3,4,2,1,0,0,0,0,0,0
2019-05-13,1,43598_1,25,6,0,0,0,0,8,0,4,3,6,0,0,0,0,6,2,3,1,0,0,0,0,0,0,0
2019-05-13,2,43598_2,7,0,0,0,0,0,6,0,4,0,8,0,0,7,6,9,1,10,6,0,0,0,0,0,0,0
2019-05-13,3,43598_3,24,4,0,0,0,0,0,0,8,0,2,0,1,0,10,5,0,8,0,2,0,0,0,0,0,0
2019-05-13,4,43598_4,21,0,0,0,0,0,2,0,2,0,0,27,0,0,3,2,0,3,1,3,0,0,0,0,0,0
2019-05-13,5,43598_5,22,0,0,0,0,0,4,0,2,2,2,15,0,0,5,5,1,3,1,0,0,2,0,0,0,0
2019-05-13,6,43598_6,13,0,1,0,0,0,26,0,1,3,1,1,0,1,3,6,3,4,1,0,0,0,0,0,0,0
2019-05-13,7,43598_7,4,0,0,0,0,0,11,0,0,1,8,0,2,1,7,9,0,8,13,0,0,0,0,0,0,0
2019-05-13,9,43598_9,11,0,0,0,0,0,8,0,0,0,2,3,0,6,15,3,4,2,10,0,0,0,0,0,0,0
2019-05-13,11,43598_11,14,0,0,0,0,0,17,1,0,0,3,0,0,2,7,6,2,10,1,1,0,0,0,0,0,0
2019-05-13,12,43598_12,10,0,0,0,0,0,6,0,0,0,0,7,0,4,33,3,0,1,0,0,0,0,0,0,0,0
2019-05-28,1,43613_1,24,3,0,0,0,0,9,0,3,0,2,0,0,0,8,1,0,14,0,0,0,0,0,0,0,0
2019-05-28,2,43613_2,9,0,0,0,0,0,5,0,7,0,10,0,0,4,3,9,1,13,3,0,0,0,0,0,0,0
2019-05-28,3,43613_3,25,3,0,0,0,0,1,0,7,0,2,0,0,1,7,5,0,13,0,0,0,0,0,0,0,0
2019-05-28,4,43613_4,25,0,0,0,0,0,8,0,0,0,3,6,0,2,4,3,0,11,2,0,0,0,0,0,0,0
2019-05-28,5,43613_5,29,0,0,0,0,0,7,0,1,3,0,3,0,0,1,5,0,13,2,0,0,0,0,0,0,0
2019-05-28,6,43613_6,17,2,0,0,0,0,29,0,0,2,2,1,0,0,3,1,3,2,0,2,0,0,0,0,0,0
2019-05-28,7,43613_7,5,1,0,0,0,0,11,0,0,0,12,0,3,3,3,6,0,5,13,2,0,0,0,0,0,0
2019-05-28,9,43613_9,5,0,0,0,0,0,13,0,5,0,4,0,0,2,12,5,1,8,8,1,0,0,0,0,0,0
2019-05-28,11,43613_11,8,0,0,0,0,0,20,0,0,1,5,0,0,1,8,11,0,9,0,1,0,0,0,0,0,0
2019-05-28,12,43613_12,7,0,0,0,0,0,7,0,0,0,0,2,0,3,36,3,1,5,0,0,0,0,0,0,0,0
2019-07-02,1,43648_1,30,0,0,0,0,0,5,0,0,1,4,0,0,0,1,18,2,2,1,0,0,0,0,0,0,0
2019-07-02,2,43648_2,12,0,0,0,0,0,1,0,0,0,8,0,0,1,3,21,7,6,5,0,0,0,0,0,0,0
2019-07-02,3,43648_3,23,2,0,0,0,0,0,0,1,0,4,0,0,1,13,17,0,3,0,0,0,0,0,0,904.407,0
2019-07-02,4,43648_4,31,0,0,0,0,0,3,0,0,0,0,0,0,0,3,15,0,7,3,1,0,1,0,0,0,0
2019-07-02,5,43648_5,27,0,0,0,0,0,5,0,0,11,0,0,0,0,8,10,0,3,0,0,0,0,0,0,0,0
2019-07-02,6,43648_6,17,0,0,0,0,0,18,0,0,0,0,0,1,2,3,10,3,9,1,0,0,0,0,0,0,0
2019-07-02,7,43648_7,7,0,0,0,0,0,6,0,0,1,14,0,1,0,2,12,1,4,15,1,0,0,0,0,0,0
2019-07-02,9,43648_9,10,0,0,0,0,0,6,0,0,0,17,0,0,0,14,8,2,1,6,0,0,0,0,0,0,0
2019-07-02,11,43648_11,19,0,0,0,0,0,10,1,0,0,4,0,0,2,4,9,5,5,5,0,0,0,0,0,0,0
2019-07-02,12,43648_12,11,0,0,0,0,0,8,0,0,0,0,0,0,7,28,9,1,0,0,0,0,0,0,0,0,0
2019-08-05,1,43682_1,38,0,1,0,0,0,0,0,0,0,0,0,0,0,1,10,2,5,0,7,0,0,0,0,1334.869,0
2019-08-05,2,43682_2,23,0,0,0,0,0,0,0,0,0,0,0,0,0,7,10,4,8,12,0,0,0,0,0,592.98,0
2019-08-05,3,43682_3,34,0,0,0,0,0,0,0,0,0,0,0,0,0,12,9,0,9,0,0,0,0,0,0,904.407,0
2019-08-05,4,43682_4,38,0,1,0,0,0,2,0,0,0,0,0,0,0,2,10,0,11,0,0,0,0,0,0,0,0
2019-08-05,5,43682_5,39,0,0,0,0,0,1,0,0,0,0,0,0,1,5,3,0,7,7,1,0,0,0,0,0,0
2019-08-05,6,43682_6,20,0,0,0,0,0,5,1,0,3,0,0,0,5,4,4,3,13,0,6,0,0,0,0,0,0
2019-08-05,7,43682_7,20,0,0,0,0,0,3,0,0,0,0,0,2,0,7,4,0,6,13,9,0,0,0,0,0,0
2019-08-05,9,43682_9,8,0,0,1,0,0,2,0,0,0,0,0,1,3,24,6,3,5,10,1,0,0,0,0,0,0
2019-08-05,11,43682_11,11,0,0,0,0,0,6,0,0,0,0,0,0,5,4,16,0,4,9,9,0,0,0,0,0,0
2019-08-05,12,43682_12,9,0,0,0,0,0,6,0,0,0,0,0,0,8,27,3,2,9,0,0,0,0,0,0,0,0
2019-09-02,1,43710_1,37,0,0,0,0,0,5,0,0,0,0,0,0,0,2,16,2,1,1,0,0,0,0,0,1334.869,0
2019-09-02,2,43710_2,17,0,0,0,0,0,0,0,0,0,0,0,0,0,9,16,4,13,5,0,0,0,0,0,535.78,0
2019-09-02,3,43710_3,33,0,0,0,0,0,0,0,0,0,0,0,0,0,9,10,0,12,0,0,0,0,0,3.347,904.407,0.003700767
2019-09-02,4,43710_4,35,0,0,0,0,0,1,0,0,0,0,0,0,0,9,10,0,1,7,0,0,1,0,0,0,0
2019-09-02,5,43710_5,32,0,0,0,0,0,4,0,0,0,0,0,0,0,3,16,0,6,1,1,0,1,0,0,0,0
2019-09-02,6,43710_6,24,0,0,0,0,0,3,0,0,4,0,0,2,0,6,11,6,7,1,0,0,0,0,0,0,0
2019-09-02,7,43710_7,13,3,2,0,0,0,0,0,0,0,0,0,0,0,0,5,0,9,30,2,0,0,0,0,879.631,0
2019-09-02,9,43710_9,11,0,0,0,0,0,2,0,0,0,0,0,0,2,24,9,10,1,5,0,0,0,0,0,0,0
2019-09-02,11,43710_11,16,0,0,0,0,0,7,5,0,0,0,0,0,3,7,17,4,3,2,0,0,0,0,0,0,0
2019-09-02,12,43710_12,13,0,0,0,0,0,5,0,0,0,0,0,0,6,30,8,2,0,0,0,0,0,0,0,368.663,0
2019-10-07,1,43745_1,34,0,0,0,0,0,4,1,0,0,0,0,0,1,1,19,1,1,2,0,0,0,0,3.545,1177.042,0.003011787
2019-10-07,2,43745_2,16,0,1,0,0,0,1,0,0,0,0,0,0,0,7,18,4,5,12,0,0,0,0,4.191,522.339,0.008023525
2019-10-07,3,43745_3,21,0,0,0,0,0,0,0,0,0,0,0,0,0,8,27,3,2,3,0,0,0,0,0,0,0
2019-10-07,4,43745_4,41,0,0,0,0,0,0,2,0,0,0,0,0,0,3,7,0,8,3,0,0,0,0,0,0,0
2019-10-07,5,43745_5,38,0,0,0,0,0,0,0,0,5,0,0,0,0,8,6,0,3,4,0,0,0,0,0,0,0
2019-10-07,6,43745_6,16,0,0,0,0,0,3,2,0,2,0,0,1,0,1,16,15,7,0,1,0,0,0,0,0,0
2019-10-07,7,43745_7,11,1,2,0,0,0,1,0,0,0,0,0,0,0,2,19,0,5,23,0,0,0,0,0,879.631,0
2019-10-07,9,43745_9,11,0,0,0,0,0,0,0,0,0,0,0,0,0,20,14,8,0,11,0,0,0,0,0,0,0
2019-10-07,11,43745_11,16,0,0,0,0,0,11,10,0,0,0,0,0,0,4,18,1,2,2,0,0,0,0,0,0,0
2019-10-07,12,43745_12,12,0,0,0,0,0,8,0,0,0,0,0,0,9,16,17,0,0,2,0,0,0,0,0,368.663,0
2019-11-15,1,43784_1,32,0,0,0,0,0,6,0,0,0,0,0,0,0,5,15,0,2,4,0,0,0,0,0,0,0
2019-11-15,2,43784_2,19,0,0,0,0,0,1,0,0,0,0,0,0,1,6,23,1,7,6,0,0,0,0,0,0,0
2019-11-15,3,43784_3,30,0,0,0,0,0,0,0,0,0,0,0,0,0,7,20,1,4,1,1,0,0,0,0,0,0
2019-11-15,4,43784_4,39,0,0,0,0,0,2,0,0,0,0,0,0,0,5,15,0,1,1,0,0,1,0,0,0,0
2019-11-15,5,43784_5,35,0,0,0,0,0,0,0,0,1,0,0,0,1,9,7,0,1,0,8,0,2,0,0,0,0
2019-11-15,6,43784_6,21,0,0,0,0,0,3,2,0,0,0,0,0,0,2,15,11,9,0,1,0,0,0,0,0,0
2019-11-15,7,43784_7,10,0,0,0,0,0,0,0,0,0,0,0,0,0,1,3,3,6,41,0,0,0,0,2.591,879.631,0.002945553
2019-11-15,9,43784_9,14,0,0,0,0,0,1,0,0,0,0,0,0,0,20,9,5,4,10,1,0,0,0,0,0,0
2019-11-15,11,43784_11,19,0,0,0,0,0,5,6,0,0,1,0,0,0,5,20,1,3,4,0,0,0,0,0,0,0
2019-11-15,12,43784_12,13,0,0,0,0,0,10,0,0,0,0,0,0,5,15,11,0,1,9,0,0,0,0,2.643,368.663,0.007169149
2019-12-08,1,43807_1,24,0,0,0,0,0,0,0,0,0,0,0,0,0,1,26,5,7,1,0,0,0,0,0,0,0
2019-12-08,2,43807_2,13,0,0,0,0,0,1,0,1,0,0,0,0,1,7,23,5,5,7,1,0,0,0,0,0,0
2019-12-08,3,43807_3,35,0,0,0,0,0,0,0,0,0,0,0,0,0,8,17,0,3,1,0,0,0,0,0,0,0
2019-12-08,4,43807_4,28,0,0,0,0,0,0,0,0,0,0,0,0,0,18,11,1,2,3,0,0,1,0,0,0,0
2019-12-08,5,43807_5,39,0,0,0,0,0,0,0,0,1,0,0,0,0,4,12,1,3,0,1,0,3,0,0,0,0
2019-12-08,6,43807_6,20,0,0,0,0,0,5,1,0,0,0,0,0,0,6,12,9,8,2,1,0,0,0,0,0,0
2019-12-08,7,43807_7,12,0,0,0,0,0,0,0,0,0,0,0,0,0,3,12,1,7,29,0,0,0,0,0,0,0
2019-12-08,9,43807_9,12,0,0,0,0,0,0,0,0,0,0,0,1,0,18,13,5,3,12,0,0,0,0,0,0,0
2019-12-08,11,43807_11,20,0,0,0,0,0,14,0,0,0,0,0,0,0,9,14,0,3,4,0,0,0,0,0,0,0
2019-12-08,12,43807_12,11,0,0,0,0,0,8,0,0,0,0,0,0,4,21,17,1,0,2,0,0,0,0,0,0,0
2020-02-12,1,438731,19,0,0,0,0,0,9,2,0,0,3,0,2,1,3,9,2,7,7,0,0,0,0,0,0,0
2020-02-12,2,438732,18,0,0,0,0,0,9,0,13,4,2,0,0,2,2,3,2,3,4,2,0,0,0,0,0,0
2020-02-12,3,438733,15,0,0,0,0,0,0,0,8,2,6,0,0,2,2,6,3,13,7,0,0,0,0,0,0,0
2020-02-12,4,438734,37,0,0,0,0,0,2,0,6,1,2,0,0,0,3,3,0,5,2,1,0,2,0,0,0,0
2020-02-12,5,438735,36,0,0,0,0,0,0,0,3,1,1,0,0,0,4,6,3,2,5,1,0,2,0,0,0,0
2020-02-12,6,438736,33,0,0,0,0,0,1,0,7,1,3,0,0,3,5,5,0,2,4,0,0,0,0,0,0,0
2020-02-12,7,438737,12,0,0,0,0,0,2,0,10,0,1,0,0,2,20,2,1,11,3,0,0,0,0,0,0,0
2020-02-12,9,438739,15,0,0,0,0,0,1,0,6,0,14,0,0,5,4,2,0,1,15,1,0,0,0,0,0,0
2020-02-12,11,4387311,47,0,0,0,0,0,1,0,1,0,0,0,0,2,2,2,2,5,1,1,0,0,0,0,0,0
2020-02-12,12,4387312,11,0,0,0,0,0,17,0,0,0,0,0,0,0,22,4,0,9,1,0,0,0,0,0,0,0
2020-03-06,1,438961,23,0,0,0,0,0,7,0,4,0,2,0,0,2,3,5,0,8,4,6,0,0,0,0,0,0
2020-03-06,2,438962,7,0,0,0,0,0,1,0,21,1,8,0,0,1,2,18,0,4,0,1,0,0,0,0,0,0
2020-03-06,3,438963,39,0,0,0,0,0,0,0,10,5,0,0,0,0,8,1,0,0,1,0,0,0,0,0,0,0
2020-03-06,4,438964,31,0,0,0,0,0,4,1,12,0,3,0,0,0,2,3,0,6,0,0,0,2,0,0,0,0
2020-03-06,5,438965,33,0,0,0,0,0,0,0,19,0,4,0,0,1,5,0,0,2,0,0,0,0,0,0,0,0
2020-03-06,6,438966,37,0,0,0,0,0,2,0,13,0,0,0,0,0,4,7,0,0,1,0,0,0,0,0,0,0
2020-03-06,7,438967,12,0,0,0,0,0,16,0,19,2,3,0,0,4,2,0,0,6,0,0,0,0,0,0,0,0
2020-03-06,9,438969,9,0,0,0,0,0,4,0,34,4,2,0,0,2,4,3,2,0,0,0,0,0,0,0,0,0
2020-03-06,11,4389611,9,0,0,0,0,0,4,0,34,1,2,0,1,3,7,0,0,3,0,0,0,0,0,0,0,0
2020-03-06,12,4389612,11,0,0,0,0,0,16,0,0,0,0,0,0,2,20,2,0,13,0,0,0,0,0,0,0,0
2020-06-05,1,439871,32,0,0,0,0,0,7,0,8,2,3,0,0,0,0,1,0,9,1,0,0,1,0,0,0,0
2020-06-05,2,439872,15,0,0,0,0,0,6,0,7,0,15,0,0,3,3,2,1,12,0,0,0,0,0,0,0,0
2020-06-05,3,439873,15,0,0,0,0,0,25,1,1,3,4,0,0,5,5,2,0,2,1,0,0,0,0,0,0,0
2020-06-05,4,439874,9,0,0,0,0,0,13,0,7,2,8,0,0,3,12,2,2,3,3,0,0,0,0,0,0,0
2020-06-05,5,439875,5,0,0,0,0,0,1,0,0,0,36,0,0,2,3,6,0,1,10,0,0,0,0,0,0,0
2020-06-05,6,439876,33,0,0,0,0,0,6,5,3,0,2,0,0,3,3,0,0,6,3,0,0,0,0,0,0,0
2020-06-05,7,439877,20,0,0,0,0,0,6,0,14,1,3,0,0,0,10,2,0,8,0,0,0,0,0,0,0,0
2020-06-05,9,439879,35,0,0,0,0,0,1,0,7,0,1,0,0,0,0,16,0,3,0,1,0,0,0,0,0,0
2020-06-05,11,4398711,5,0,0,0,0,0,29,0,3,0,3,0,0,3,18,0,0,3,0,0,0,0,0,0,0,0
2020-06-05,12,4398712,35,0,0,0,0,0,4,0,7,8,0,0,0,0,9,0,0,1,0,0,0,0,0,0,0,0
2020-07-16,1,440281,41,0,0,0,0,0,4,0,0,0,3,0,0,2,3,6,0,3,0,0,0,2,0,0,0,0
2020-07-16,2,440282,36,0,0,0,0,0,3,2,0,2,0,0,0,0,7,9,2,1,0,1,0,1,0,0,0,0
2020-07-16,3,440283,19,0,0,0,0,0,5,1,0,1,0,3,0,1,6,20,0,7,0,1,0,0,0,0,0,0
2020-07-16,4,440284,19,0,0,0,0,0,15,0,0,4,0,0,0,5,7,6,6,2,0,0,0,0,0,0,0,0
2020-07-16,5,440285,39,0,0,0,0,0,0,0,0,0,0,0,0,0,4,15,2,3,0,1,0,0,0,0,0,0
2020-07-16,6,440286,35,0,0,0,0,0,0,0,0,0,0,0,0,0,11,10,1,7,0,0,0,0,0,0,0,0
2020-07-16,7,440287,15,0,0,0,0,0,8,2,0,0,4,0,0,1,18,4,2,10,0,0,0,0,0,0,0,0
2020-07-16,9,440289,4,0,0,0,0,0,28,0,0,0,0,0,0,4,23,5,0,0,0,0,0,0,0,0,0,0
2020-07-16,11,4402811,25,0,0,0,0,0,7,0,0,6,1,0,0,1,4,13,0,7,0,0,0,0,0,0,0,0
2020-07-16,12,4402812,9,0,0,0,0,0,3,0,0,0,27,0,0,5,2,9,0,1,8,0,0,0,0,0,0,0
2020-08-19,1,440621,34,0,0,0,0,0,0,0,0,0,0,0,0,1,17,6,0,3,2,1,0,0,0,0,0,0
2020-08-19,2,440622,49,0,0,0,0,0,0,1,0,0,0,0,0,0,0,9,0,3,0,0,0,2,0,0,0,0
2020-08-19,3,440623,17,0,0,0,0,0,1,6,0,0,0,0,0,3,11,11,2,11,2,0,0,0,0,0,0,0
2020-08-19,4,440624,22,0,0,0,0,0,4,8,0,3,0,0,0,3,8,7,2,7,0,0,0,0,0,0,0,0
2020-08-19,5,440625,40,0,0,0,0,0,0,0,0,0,0,0,0,0,2,20,0,2,0,0,0,0,0,0,0,0
2020-08-19,6,440626,35,0,0,0,0,0,3,0,0,0,0,0,0,1,15,7,1,2,0,0,0,0,0,0,0,0
2020-08-19,7,440627,5,0,0,0,0,0,0,4,0,0,2,0,1,1,24,6,3,7,11,0,0,0,0,0,0,0
2020-08-19,9,440629,11,0,0,0,0,0,1,7,0,0,0,4,0,0,3,7,0,8,23,0,0,0,0,0,0,0
2020-08-19,11,4406211,3,0,0,0,0,0,34,0,0,0,0,0,0,4,11,4,4,1,3,0,0,0,0,0,0,0
2020-08-19,12,4406212,21,0,0,0,0,0,0,10,0,5,0,0,0,0,5,14,1,6,2,0,0,0,0,0,0,0
2020-09-15,1,440891,29,0,0,9,0,0,2,3,0,0,0,0,0,0,9,8,0,1,3,0,0,0,0,1242.381,238.961,0.192341158
2020-09-15,2,440892,37,0,0,0,0,0,0,5,0,0,0,0,0,0,5,9,0,2,3,1,0,2,0,0,0,0
2020-09-15,3,440893,19,0,0,0,0,0,1,1,0,0,0,0,0,2,4,25,3,9,0,0,0,0,0,0,0,0
2020-09-15,4,440894,21,0,0,0,0,0,1,6,0,1,0,0,3,0,2,11,10,8,1,0,0,0,0,0,0,0
2020-09-15,5,440895,39,0,0,0,0,0,0,0,0,0,0,0,0,0,0,21,2,1,1,0,0,0,0,0,0,0
2020-09-15,6,440896,38,0,0,0,0,0,0,0,0,0,0,0,0,1,13,10,0,0,2,0,0,0,0,0,0,0
2020-09-15,7,440897,13,0,0,0,0,0,0,0,0,0,0,0,0,2,17,20,5,2,5,0,0,0,0,0,0,0
2020-09-15,9,440899,12,0,0,0,0,0,2,0,0,0,0,0,0,0,7,20,2,8,14,0,0,0,0,0,0,0
2020-09-15,11,4408911,28,0,0,0,0,0,0,9,0,1,0,0,0,0,4,18,1,2,1,0,0,0,0,0,0,0
2020-09-15,12,4408912,14,0,0,0,0,0,16,0,0,0,0,0,0,1,14,12,3,4,0,0,0,0,0,0,0,0
2020-10-14,1,441181,22,0,0,0,0,0,0,11,0,0,0,0,0,3,3,16,3,5,0,1,0,0,0,0,0,0
2020-10-14,2,441182,10,0,0,0,0,0,0,4,0,1,0,0,0,1,19,7,4,1,17,0,0,0,0,0,0,0
2020-10-14,3,441183,18,0,0,0,0,0,0,1,0,0,0,0,0,6,9,7,1,12,10,0,0,0,0,0,0,0
2020-10-14,4,441184,46,0,0,2,0,0,0,1,0,0,0,0,0,0,0,9,0,3,2,1,0,0,0,1701.79,50.578,0.029720471
2020-10-14,5,441185,36,0,0,0,0,0,0,0,0,0,0,0,0,0,8,11,1,2,6,0,0,0,0,0,0,0
2020-10-14,6,441186,37,0,0,0,0,0,0,0,0,0,0,0,0,0,0,19,3,2,2,1,0,0,0,0,0,0
2020-10-14,7,441187,20,0,0,0,0,0,0,2,0,0,0,0,0,0,3,11,12,8,8,0,0,0,0,0,0,0
2020-10-14,9,441189,22,0,0,0,0,17,0,1,0,0,0,0,0,0,9,6,1,3,5,0,0,0,0,0,0,0
2020-10-14,11,4411811,10,0,0,0,0,0,0,5,0,0,0,0,0,4,3,8,0,8,26,0,0,0,0,0,0,0
2020-10-14,12,4411812,9,0,0,0,0,0,0,17,0,0,0,0,0,7,17,10,1,1,1,1,0,0,0,0,0,0
2020-11-16,1,441511,24,0,0,0,0,0,1,7,0,0,0,0,0,0,8,10,0,14,0,0,0,0,0,0,0,0
2020-11-16,2,441512,10,0,0,0,0,0,1,8,0,1,0,0,0,3,20,1,1,4,15,0,0,0,0,0,0,0
2020-11-16,3,441513,13,0,0,0,0,0,0,5,0,1,0,0,0,4,3,3,0,15,20,0,0,0,0,0,0,0
2020-11-16,4,441514,13,0,0,0,0,0,1,4,0,0,0,0,0,3,2,17,0,4,20,0,0,0,0,0,0,0
2020-11-16,5,441515,23,0,0,0,0,0,1,5,0,0,0,0,0,2,4,11,2,13,3,0,0,0,0,0,0,0
2020-11-16,6,441516,37,0,0,0,0,0,0,0,0,0,0,0,0,1,2,16,0,4,4,0,0,0,0,0,0,0
2020-11-16,7,441517,25,0,16,0,0,0,0,1,0,0,0,0,0,1,10,2,0,7,2,0,0,0,0,0,0,0
2020-11-16,9,441519,47,0,1,0,0,0,0,2,0,0,0,0,0,1,2,2,0,8,0,0,0,1,0,0,0,0
2020-12-08,1,441731,25,0,1,0,0,0,1,6,0,1,0,0,0,1,8,9,0,8,3,1,0,0,0,0,0,0
2020-12-08,2,441732,31,0,0,0,0,0,0,0,0,3,0,0,0,1,10,13,0,4,2,0,0,0,0,0,0,0
2020-12-08,3,441733,11,0,0,0,0,0,11,2,0,0,0,0,0,1,19,11,0,7,2,0,0,0,0,0,0,0
2020-12-08,4,441734,11,0,0,0,0,0,0,0,0,0,0,0,0,1,7,15,4,11,15,0,0,0,0,0,0,0
2020-12-08,5,441735,18,0,0,0,0,0,2,0,0,0,0,0,0,4,7,15,0,17,1,0,0,0,0,0,0,0
2020-12-08,6,441736,27,0,0,0,0,0,5,1,0,1,0,0,0,0,3,15,0,12,0,0,0,0,0,0,0,0
2020-12-08,7,441737,32,0,0,0,0,0,0,3,0,0,0,0,0,2,0,23,0,4,0,0,0,0,0,0,0,0
2020-12-08,9,441739,40,0,0,0,0,0,1,0,0,0,0,0,0,1,11,6,0,5,0,0,0,0,0,0,0,0
2020-12-08,11,4417311,42,0,0,0,0,0,0,3,0,0,0,0,0,1,4,4,0,3,6,0,0,1,0,0,0,0
2020-12-08,12,4417312,32,0,12,0,0,0,1,0,0,0,0,0,0,0,7,9,1,1,1,0,0,0,0,0,0,0
